id,year,brand,full_model_name,model_name,price,distance_travelled(kms),fuel_type,city,car_age
0,2016,Honda,Honda Brio S MT,Brio,425000.0,9680.0,Petrol,Mumbai,10
1,2012,Nissan,Nissan Sunny XV Diesel,Sunny,325000.0,119120.0,Diesel,Mumbai,14
2,2017,Toyota,Toyota Fortuner 2.8 4x2 MT [2016-2020],Fortuner,2650000.0,64593.0,Diesel,Thane,9
3,2017,Mercedes-Benz,Mercedes-Benz E-Class E 220d Expression [2019-2019],E-Class,4195000.0,25000.0,Diesel,Mumbai,9
4,2012,Hyundai,Hyundai Verna Fluidic 1.6 CRDi SX,Verna,475000.0,23800.0,Diesel,Mumbai,14
5,2012,Hyundai,Hyundai i20 Sportz 1.2 BS-IV,i20,335000.0,45000.0,Petrol,Mumbai,14
6,2019,Toyota,Toyota Glanza V,Glanza,750000.0,19500.0,Petrol,Mumbai,7
7,2018,Mercedes-Benz,Mercedes-Benz GLE 250 d,GLE,5500000.0,32000.0,Diesel,Mumbai,8
8,2017,Hyundai,Hyundai Grand i10 Sportz (O) AT 1.2 Kappa VTVT [2017-2018],Grand,565000.0,44329.0,Petrol,Mumbai,9
9,2015,Maruti Suzuki,Maruti Suzuki Swift Dzire ZXI,Swift,510000.0,48286.0,Petrol,Mumbai,11
10,2015,Hyundai,Hyundai Xcent SX 1.2 (O),Xcent,465000.00000000006,24935.0,Petrol,Mumbai,11
11,2016,Toyota,Toyota Innova Crysta 2.4 G 7 STR [2016-2017],Innova,1485000.0,59758.0,Diesel,Mumbai,10
12,2017,Maruti Suzuki,Maruti Suzuki Baleno Alpha 1.2,Baleno,610000.0,40119.0,Petrol,Mumbai,9
13,2016,Renault,Renault Pulse RxL Petrol [2015-2017],Pulse,365000.0,22625.0,Petrol,Mumbai,10
14,2017,Maruti Suzuki,Maruti Suzuki Baleno Zeta 1.2 AT,Baleno,699000.0,16540.0,Petrol,Mumbai,9
15,2016,Hyundai,Hyundai Xcent S AT 1.2 (O),Xcent,595000.0,41280.0,Petrol,Mumbai,10
16,2016,Toyota,Toyota Corolla Altis VL AT Petrol,Corolla,1035000.0,97679.0,Petrol,Mumbai,10
17,2015,Maruti Suzuki,Maruti Suzuki Swift ZDi,Swift,575000.0,43000.0,Diesel,Mumbai,11
18,2015,Volkswagen,Volkswagen Polo Highline1.2L (P),Polo,480000.0,14846.0,Petrol,Mumbai,11
19,2017,Honda,Honda WR-V VX MT Petrol,WR-V,749000.0,28771.0,Petrol,Mumbai,9
20,2018,Honda,Honda WR-V S MT Petrol,WR-V,749000.0,33443.0,Petrol,Mumbai,8
21,2010,Maruti Suzuki,Maruti Suzuki Ritz VXI BS-IV,Ritz,265000.0,24000.0,Petrol,Mumbai,16
22,2013,Hyundai,Hyundai Grand i10 Sportz 1.2 Kappa VTVT [2013-2016],Grand,340000.0,44380.0,Petrol,Mumbai,13
23,2016,Skoda,Skoda Rapid Style 1.5 TDI AT,Rapid,675000.0,58000.0,Diesel,Mumbai,10
24,2016,Honda,Honda City V Diesel,City,685000.0,69380.0,Diesel,Mumbai,10
25,2016,Maruti Suzuki,Maruti Suzuki Celerio VXi AMT ABS,Celerio,445000.0,39500.0,Petrol,Mumbai,10
26,2012,BMW,BMW 3 Series 320d Prestige,3,925000.0,74460.0,Diesel,Mumbai,14
27,2017,Mercedes-Benz,Mercedes-Benz GLE 250 d,GLE,4550000.0,42442.0,Diesel,Mumbai,9
28,2014,Volkswagen,Volkswagen Vento TSI,Vento,485000.0,65327.0,Petrol,Mumbai,12
29,2016,Honda,Honda Jazz V AT Petrol,Jazz,635000.0,19768.0,Petrol,Mumbai,10
30,2016,Tata,Tata Nano Twist XT,Nano,215000.0,2814.0,Petrol,Mumbai,10
31,2015,Hyundai,Hyundai Grand i10 Asta AT 1.2 Kappa VTVT (O) [2016-2017],Grand,445000.0,20100.0,Petrol,Mumbai,11
32,2015,Mercedes-Benz,Mercedes-Benz GLA 200 CDI Sport,GLA,1950000.0,52717.0,Diesel,Mumbai,11
33,2015,Hyundai,Hyundai Grand i10 Asta AT 1.2 Kappa VTVT (O) [2016-2017],Grand,445000.0,20100.0,Petrol,Mumbai,11
34,2012,Maruti Suzuki,Maruti Suzuki A-Star Vxi,A-Star,275000.0,46646.0,Petrol,Mumbai,14
35,2014,Audi,Audi Q5 2.0 TDI quattro Premium Plus,Q5,1875000.0,49000.0,Diesel,Mumbai,12
36,2018,Mercedes-Benz,Mercedes-Benz GLE 250 d,GLE,5500000.0,32000.0,Diesel,Mumbai,8
37,2020,BMW,BMW X1 sDrive20i SportX,X1,3500000.0,5550.0,Petrol,Mumbai,6
38,2010,BMW,BMW Z4 Roadster sDrive35i,Z4,2900000.0,48000.0,Petrol,Mumbai,16
39,2016,Audi,Audi A3 35 TDI Premium,A3,1525000.0,31000.0,Diesel,Mumbai,10
40,2012,Audi,Audi A4 1.8 TFSI Multitronic Premium Plus,A4,975000.0,61000.0,Petrol,Mumbai,14
41,2014,BMW,BMW X3 xDrive-20d xLine,X3,2350000.0,65000.0,Diesel,Mumbai,12
42,2010,Bentley,Bentley Continental Flying Spur W12,Continental,7600000.0,49000.0,Petrol,Mumbai,16
43,2014,Audi,Audi Q3 2.0 TDI quattro Premium Plus,Q3,1470000.0,78000.0,Diesel,Mumbai,12
44,2010,Audi,Audi Q7 3.0 TDI quattro Premium,Q7,1550000.0,82000.0,Diesel,Mumbai,16
45,2017,Mercedes-Benz,Mercedes-Benz GLA 200 Sport,GLA,2350000.0,24000.0,Petrol,Mumbai,9
46,2013,Mercedes-Benz,Mercedes-Benz E-Class E350 Cabriolet,E-Class,3850000.0,6000.0,Petrol,Mumbai,13
47,2016,Mercedes-Benz,Mercedes-Benz GLA 200 Sport,GLA,2000000.0,33000.0,Petrol,Mumbai,10
48,2014,Audi,Audi Q7 35 TDI Technology Pack,Q7,2250000.0,107000.0,Diesel,Mumbai,12
49,2015,BMW,BMW 3 Series GT 320d Luxury Line [2014-2016],3,2125000.0,71000.0,Diesel,Mumbai,11
50,2015,Mercedes-Benz,Mercedes-Benz E-Class E350 CDI Avantgarde,E-Class,1900000.0,94000.0,Diesel,Mumbai,11
51,2012,Mercedes-Benz,Mercedes-Benz E-Class E200 CGI Blue Efficiency,E-Class,1250000.0,55000.0,Petrol,Mumbai,14
52,2013,Audi,Audi A4 2.0 TDI (143bhp),A4,1150000.0,79000.0,Diesel,Mumbai,13
53,2014,Audi,Audi A6 2.0 TDI Premium Plus,A6,1550000.0,71000.0,Diesel,Mumbai,12
54,2012,Mercedes-Benz,Mercedes-Benz E-Class E200 CGI Blue Efficiency,E-Class,1125000.0,65000.0,Petrol,Mumbai,14
55,2018,Mercedes-Benz,Mercedes-Benz E-Class E 200,E-Class,4250000.0,34000.0,Petrol,Mumbai,8
56,2013,Audi,Audi Q7 35 TDI Technology Pack,Q7,2175000.0,80000.0,Diesel,Mumbai,13
57,2010,Mercedes-Benz,Mercedes-Benz E-Class E350,E-Class,975000.0,67000.0,Petrol,Mumbai,16
58,2009,BMW,BMW 7 Series 750Li Sedan,7,1850000.0,27000.0,Petrol,Mumbai,17
59,2014,Audi,Audi A6 2.0 TDI Premium,A6,1650000.0,76000.0,Diesel,Mumbai,12
60,2018,Ford,Ford Endeavour Titanium 2.2 4x2 AT,Endeavour,2900000.0,11100.0,Diesel,Thane,8
61,2006,Maruti Suzuki,Maruti Suzuki Swift VXi,Swift,175000.0,79915.0,Petrol,Thane,20
62,2013,Maruti Suzuki,Maruti Suzuki Swift DZire VDI,Swift,449000.0,67664.0,Diesel,Mumbai,13
63,2016,Mahindra,Mahindra XUV500 W10 AT,XUV500,1275000.0,72000.0,Diesel,Mumbai,10
64,2018,BMW,BMW X1 sDrive20d Expedition,X1,2500000.0,33500.0,Diesel,Dehradun,8
65,2016,BMW,BMW Z4 sDrive 35i,Z4,4850000.0,26700.0,Petrol,Dehradun,10
66,2017,Jaguar,Jaguar F-Pace Prestige [2016-2017],F-Pace,3700000.0,45700.0,Diesel,Dehradun,9
67,2018,Jaguar,Jaguar XE Prestige Diesel,XE,3500000.0,23500.0,Diesel,Dehradun,8
68,2012,Lamborghini,Lamborghini Gallardo India Ltd Edition LP 550-2,Gallardo,12500000.0,14500.0,Petrol,Dehradun,14
69,2020,MINI,MINI Countryman Cooper S [2020-2021],Countryman,3850000.0,6517.0,Petrol,Dehradun,6
70,2014,Mercedes-Benz,Mercedes-Benz C-Class C 200 Avantgarde,C-Class,2700000.0,22000.0,Petrol,Dehradun,12
71,2017,Mercedes-Benz,Mercedes-Benz C-Class C 220 CDI Avantgarde,C-Class,2900000.0,44000.0,Diesel,Dehradun,9
72,2018,Audi,Audi A6 35 TDI Matrix,A6,3750000.0,22000.0,Diesel,Dehradun,8
73,2015,BMW,BMW 7 Series 730Ld Eminence,7,3700000.0,66000.0,Diesel,Dehradun,11
74,2015,BMW,BMW 7 Series 730Ld Prestige,7,3700000.0,48000.0,Diesel,Dehradun,11
75,2013,BMW,BMW 7 Series 730Ld Sedan,7,2900000.0,59000.0,Diesel,Dehradun,13
76,2012,Land Rover,Land Rover Range Rover Evoque Prestige SD4,Evoque,1900000.0,127000.0,Diesel,Dehradun,14
77,2018,Land Rover,Land Rover Range Rover Evoque SE Dynamic,Evoque,4900000.0,19500.0,Diesel,Dehradun,8
78,2018,Land Rover,Land Rover Range Rover Evoque SE Dynamic,Evoque,4800000.0,29500.0,Diesel,Dehradun,8
79,2016,Mercedes-Benz,Mercedes-Benz S-Class (W222) S 350D [2018-2020],S-Class,5700000.0,56500.0,Diesel,Dehradun,10
80,2015,Renault,Renault Lodgy 110 PS RxL [2015-2016],Lodgy,565000.0,85400.0,Diesel,Mumbai,11
81,2013,Honda,Honda City 1.5 V MT,City,418000.0,98602.0,Petrol,Mumbai,13
82,2016,Mercedes-Benz,Mercedes-Benz CLA 200 Petrol Sport,CLA,2150000.0,28000.0,Petrol,Mumbai,10
83,2021,Hyundai,Hyundai Creta SX (O) 1.5 Diesel Automatic,Creta,2095000.0,7500.0,Diesel,Mumbai,5
84,2016,Jaguar,Jaguar F-Pace Prestige [2016-2017],F-Pace,3750000.0,33000.0,Diesel,Mumbai,10
85,2021,Hyundai,Hyundai Creta SX (O) 1.4 Turbo 7 DCT Dual Tone,Creta,2050000.0,4500.0,Petrol,Mumbai,5
86,2015,BMW,BMW 3 Series 320d Luxury Line,3,1825000.0,65000.0,Diesel,Mumbai,11
87,2008,Audi,Audi Q7 3.0 TDI quattro,Q7,850000.0,84500.0,Diesel,Mumbai,18
88,2011,Mercedes-Benz,Mercedes-Benz S-Class 350 CDI L,S-Class,1650000.0,55000.0,Diesel,Mumbai,15
89,2012,Audi,Audi Q5 2.0 TDI quattro Premium Plus,Q5,1350000.0,99000.0,Diesel,Mumbai,14
90,2012,Audi,Audi A8 L 3.0 TDI quattro,A8,2750000.0,25000.0,Diesel,Mumbai,14
91,2011,BMW,BMW 7 Series 740Li Sedan,7,1650000.0,65000.0,Petrol,Mumbai,15
92,2012,Mercedes-Benz,Mercedes-Benz S-Class 350 CDI L,S-Class,1950000.0,71000.0,Diesel,Mumbai,14
93,2013,Mercedes-Benz,Mercedes-Benz B-Class B180,B-Class,1050000.0,67000.0,Petrol,Mumbai,13
94,2007,BMW,BMW 3 Series 320d Sedan,3,425000.0,48000.0,Diesel,Mumbai,19
95,2016,Mercedes-Benz,Mercedes-Benz S-Class (W222) S 350D [2018-2020],S-Class,5700000.0,56500.0,Diesel,Dehradun,10
96,2012,Land Rover,Land Rover Range Rover Evoque Prestige SD4,Evoque,1900000.0,127000.0,Diesel,Dehradun,14
97,2018,Land Rover,Land Rover Range Rover Evoque SE Dynamic,Evoque,4900000.0,19500.0,Diesel,Dehradun,8
98,2018,Land Rover,Land Rover Range Rover Evoque SE Dynamic,Evoque,4800000.0,29500.0,Diesel,Dehradun,8
99,2010,Mercedes-Benz,Mercedes-Benz E-Class E350,E-Class,1050000.0,55000.0,Petrol,Mumbai,16
100,2015,Mercedes-Benz,Mercedes-Benz A-Class A 180 CDI Style,A-Class,1375000.0,61000.0,Diesel,Mumbai,11
101,2019,BMW,BMW X1 xDrive20d M Sport,X1,3499000.0,26000.0,Diesel,Mumbai,7
102,2019,BMW,BMW 5 Series 520d Luxury Line [2017-2019],5,4975000.0,25000.0,Diesel,Mumbai,7
103,2010,Toyota,Toyota Corolla Altis 1.8 G,Corolla,375000.0,46000.0,Petrol,Mumbai,16
104,2010,Audi,Audi Q5 2.0 TFSI quattro Premium Plus,Q5,999000.0,59000.0,Petrol,Mumbai,16
105,2015,Land Rover,Land Rover Range Rover Evoque Dynamic SD4,Evoque,2600000.0,77000.0,Diesel,Mumbai,11
106,2017,Toyota,Toyota Innova Crysta 2.4 G 7 STR [2016-2017],Innova,1575000.0,60000.0,Diesel,Mumbai,9
107,2014,Toyota,Toyota Innova 2.5 EV PS 7 STR BS-IV,Innova,950000.0,91000.0,Diesel,Mumbai,12
108,2015,MINI,MINI Cooper Countryman Cooper D,Cooper,2500000.0,14000.0,Diesel,Mumbai,11
109,2017,Nissan,Nissan Terrano XL (P),Terrano,690000.0,21000.0,Petrol,Mumbai,9
110,2017,Ford,Ford Endeavour Titanium 3.2 4x4 AT,Endeavour,2975000.0,12000.0,Diesel,Mumbai,9
111,2008,BMW,BMW 3 Series 325i Sedan,3,450000.0,70000.0,Petrol,Mumbai,18
112,2016,Hyundai,Hyundai Creta 1.6 SX Plus AT Petrol,Creta,1090000.0,39000.0,Petrol,Mumbai,10
113,2012,BMW,BMW X3 xDrive20d,X3,1675000.0,59000.0,Diesel,Mumbai,14
114,2014,Honda,Honda CR-V 2.4 AT,CR-V,1200000.0,108200.0,Petrol,Mumbai,12
115,2014,Land Rover,Land Rover Freelander 2 SE,Freelander,1950000.0,61000.0,Diesel,Mumbai,12
116,2015,Maruti Suzuki,Maruti Suzuki Ciaz ZXi (O) [2014-2015],Ciaz,575000.0,52000.0,Petrol,Mumbai,11
117,2010,Chevrolet,Chevrolet Beat LT Petrol,Beat,115000.0,82000.0,Petrol,Mumbai,16
118,2017,Toyota,Toyota Innova Crysta 2.8 GX AT 8 STR [2016-2020],Innova,1760000.0000000002,56089.0,Diesel,Thane,9
119,2014,Audi,Audi Q3 2.0 TDI quattro Premium,Q3,1650000.0,45095.0,Diesel,Thane,12
120,2017,Mahindra,Mahindra KUV100 K6 D 5 STR,KUV100,575000.0,12321.0,Diesel,Thane,9
121,2017,Mahindra,Mahindra XUV500 W10 AT Black Interiors [2017],XUV500,1325000.0,67894.0,Diesel,Thane,9
122,2014,Renault,Renault Duster 110 PS RxZ AWD Diesel,Duster,625000.0,44835.0,Diesel,Thane,12
123,2013,Toyota,Toyota Fortuner 2.5 Sportivo 4x2 MT,Fortuner,1451000.0,118363.0,Diesel,Thane,13
124,2015,Hyundai,Hyundai i20 Active 1.2 SX,i20,525000.0,98877.0,Petrol,Thane,11
125,2019,Datsun,Datsun redi-GO T(O) 1.0,redi-GO,310000.0,41298.0,Petrol,Thane,7
126,2016,Maruti Suzuki,Maruti Suzuki Baleno Alpha 1.3,Baleno,675000.0,57209.0,Diesel,Thane,10
127,2017,Honda,Honda Jazz VX Petrol,Jazz,610000.0,49390.0,Petrol,Thane,9
128,2013,Nissan,Nissan Sunny XL,Sunny,345000.0,30477.0,Petrol,Thane,13
129,2012,Volkswagen,Volkswagen Polo Trendline 1.2L (P),Polo,325000.0,49000.0,Petrol,Mumbai,14
130,2016,Tata,Tata Tiago Revotron XZ,Tiago,465000.00000000006,19000.0,Petrol,Mumbai,10
131,2020,Tata,Tata Altroz XZ (O) Petrol,Altroz,815000.0,7500.0,Petrol,Mumbai,6
132,2018,Mahindra,Mahindra TUV300 T6 Plus,TUV300,775000.0,54989.0,Diesel,Thane,8
133,2017,Maruti Suzuki,Maruti Suzuki Vitara Brezza ZDi,Vitara,891000.0,22388.0,Diesel,Thane,9
134,2015,Honda,Honda City V,City,660000.0,46475.0,Petrol,Thane,11
135,2014,Toyota,Toyota Etios Liva G SP*,Etios,350000.0,31913.0,Petrol,Thane,12
136,2015,Hyundai,Hyundai Grand i10 Asta 1.2 Kappa VTVT [2013-2016],Grand,470000.0,55474.0,Petrol,Thane,11
137,2014,Ford,Ford Figo Duratorq Diesel ZXI 1.4,Figo,335000.0,68051.0,Diesel,Thane,12
138,2011,Honda,Honda City 1.5 S MT,City,345000.0,44000.0,Petrol,Mumbai,15
139,2011,Honda,Honda Civic 1.8V AT,Civic,345000.0,36500.0,Petrol,Mumbai,15
140,2018,MINI,MINI Countryman Cooper D,Countryman,3445000.0000000005,3900.0,Diesel,Mumbai,8
141,2012,Skoda,Skoda Rapid Ambition 1.6 MPI MT,Rapid,335000.0,37000.0,Petrol,Mumbai,14
142,2018,Hyundai,Hyundai i20 Active 1.4 S,i20,790000.0,42000.0,Diesel,Mumbai,8
143,2019,Jeep,Jeep Compass Limited 2.0 Diesel [2017-2020],Compass,1450000.0,39500.0,Diesel,Mumbai,7
144,2017,Hyundai,Hyundai Elite i20 Sportz 1.2,Elite,595000.0,32000.0,Petrol,Mumbai,9
145,2012,Maruti Suzuki,Maruti Suzuki Ritz VXI BS-IV,Ritz,315000.0,56452.0,Petrol,Mumbai,14
146,2015,Mercedes-Benz,Mercedes-Benz C-Class C 220 CDI Avantgarde,C-Class,2500000.0,22341.0,Diesel,Mumbai,11
147,2018,Mahindra,Mahindra Bolero Power Plus SLE [2016-2019],Bolero,655000.0,85000.0,Diesel,Mumbai,8
148,2018,Mahindra,Mahindra Bolero Power Plus SLE [2016-2019],Bolero,675000.0,58000.0,Diesel,Mumbai,8
149,2014,Mercedes-Benz,Mercedes-Benz C-Class C 220 CDI Avantgarde,C-Class,1750000.0,21212.0,Diesel,Mumbai,12
150,2012,Maruti Suzuki,Maruti Suzuki SX4 VXi,SX4,315000.0,68890.0,Petrol,Mumbai,14
151,2016,Porsche,Porsche Cayenne Platinum Edition Diesel,Cayenne,7800000.0,31000.0,Diesel,Mumbai,10
152,2012,Honda,Honda City 1.5 V MT,City,489000.0,49000.0,Petrol,Navi Mumbai,14
153,2007,Mercedes-Benz,Mercedes-Benz C-Class 200 K AT,C-Class,375000.0,115140.0,Petrol,Mumbai,19
154,2013,Audi,Audi Q5 2.0 TDI quattro Premium,Q5,1600000.0,74000.0,Diesel,Dehradun,13
155,2014,Audi,Audi Q7 3.0 TDI quattro Premium Plus,Q7,2800000.0,54500.0,Diesel,Dehradun,12
156,2015,BMW,BMW 5 Series 530d M Sport [2013-2017],5,2350000.0,77000.0,Diesel,Dehradun,11
157,2013,Audi,Audi A4 2.0 TDI (177bhp) Premium Sport,A4,1450000.0,63700.0,Diesel,Dehradun,13
158,2013,Audi,Audi A6 2.0 TDI Premium,A6,1650000.0,64000.0,Diesel,Dehradun,13
159,2018,Audi,Audi Q3 35 TDI quattro Premium Plus,Q3,2800000.0,43000.0,Diesel,Dehradun,8
160,2020,Land Rover,Land Rover Range Rover Evoque S [2020-2021],Evoque,5900000.0,9000.0,Diesel,Dehradun,6
161,2016,Volvo,Volvo V40 D3 R-Design,V40,1750000.0,78000.0,Diesel,Dehradun,10
162,2011,Chevrolet,Chevrolet Beat LS Petrol,Beat,171000.0,31000.0,Petrol,Mumbai,15
163,2011,Skoda,Skoda Superb Elegance 1.8 TSI MT,Superb,390000.0,54000.0,Petrol,Mumbai,15
164,2009,Toyota,Toyota Innova 2.5 V 8 STR,Innova,525000.0,65000.0,Diesel,Mumbai,17
165,2015,Toyota,Toyota Innova 2.5 G BS IV 7 STR,Innova,1050000.0,18000.0,Diesel,Mumbai,11
166,2015,Mahindra,Mahindra XUV500 W8,XUV500,890000.0,53000.0,Diesel,Mumbai,11
167,2015,Honda,Honda CR-V 2.0L 2WD AT,CR-V,1325000.0,42000.0,Petrol,Mumbai,11
168,2020,Hyundai,Hyundai Creta SX (O) 1.5 Diesel Automatic,Creta,1990000.0,7800.0,Diesel,Mumbai,6
169,2017,Hyundai,Hyundai Elite i20 Magna Executive 1.2,Elite,550000.0,20000.0,Petrol,Mumbai,9
170,2018,Maruti Suzuki,Maruti Suzuki Dzire ZDi,Dzire,785000.0,27000.0,Diesel,Thane,8
171,2013,Audi,Audi Q7 3.0 TDI quattro Premium Plus,Q7,2050000.0,43000.0,Diesel,Mumbai,13
172,2015,BMW,BMW 3 Series GT 320d Luxury Line [2014-2016],3,2350000.0,37000.0,Diesel,Mumbai,11
173,2018,Mahindra,Mahindra XUV500 W9 [2018-2020],XUV500,1445000.0,34000.0,Diesel,Mumbai,8
174,2017,Hyundai,Hyundai Creta SX Plus 1.6 Petrol,Creta,995000.0,38000.0,Petrol,Mumbai,9
175,2017,Mercedes-Benz,Mercedes-Benz CLA 45 AMG 4MATIC [2017-2017],CLA,4300000.0,17000.0,Petrol,Dehradun,9
176,2018,Mahindra,Mahindra XUV500 W9 [2018-2020],XUV500,1445000.0,34000.0,Diesel,Mumbai,8
177,2017,Hyundai,Hyundai Creta SX Plus 1.6 Petrol,Creta,995000.0,38000.0,Petrol,Mumbai,9
178,2009,Toyota,Toyota Innova 2.5 V 8 STR,Innova,525000.0,65000.0,Diesel,Mumbai,17
179,2011,Chevrolet,Chevrolet Beat LS Petrol,Beat,171000.0,31000.0,Petrol,Mumbai,15
180,2017,Hyundai,Hyundai Elite i20 Magna Executive 1.2,Elite,550000.0,20000.0,Petrol,Mumbai,9
181,2020,Hyundai,Hyundai Creta SX (O) 1.5 Diesel Automatic,Creta,1990000.0,7800.0,Diesel,Mumbai,6
182,2020,Hyundai,Hyundai Creta SX (O) 1.4 Turbo 7 DCT,Creta,2025000.0,9000.0,Petrol,Mumbai,6
183,2014,Mercedes-Benz,Mercedes-Benz S-Class 350 CDI L,S-Class,4700000.0,49000.0,Diesel,Navi Mumbai,12
184,2019,Hyundai,Hyundai Creta 1.6 SX Plus Petrol,Creta,1550000.0,10500.0,Petrol,Navi Mumbai,7
185,2018,Honda,Honda Jazz V Petrol,Jazz,640000.0,33000.0,Petrol,Navi Mumbai,8
186,2013,Maruti Suzuki,Maruti Suzuki SX4 ZXi,SX4,399000.0,47284.0,Petrol,Mumbai,13
187,2015,Volkswagen,Volkswagen Vento Highline Petrol,Vento,521000.0,62618.0,Petrol,Mumbai,11
188,2020,Mercedes-Benz,Mercedes-Benz C-Class C 220d Progressive [2018-2019],C-Class,4750000.0,4200.0,Diesel,Mumbai,6
189,2017,Hyundai,Hyundai Verna 1.6 VTVT S,Verna,675000.0,31414.0,Petrol,Mumbai,9
190,2016,Hyundai,Hyundai Elite i20 Asta 1.2 (O) [2016],Elite,650000.0,24694.0,Petrol,Mumbai,10
191,2013,Hyundai,Hyundai i10 Sportz 1.2 Kappa2,i10,325000.0,29708.0,Petrol,Mumbai,13
192,2012,Toyota,Toyota Etios G,Etios,375000.0,40200.0,Petrol,Thane,14
193,2015,Toyota,Toyota Innova 2.5 G BS IV 7 STR,Innova,1030000.0,156334.0,Diesel,Thane,11
194,2013,Maruti Suzuki,Maruti Suzuki Ritz Zxi BS-IV,Ritz,365000.0,32000.0,Petrol,Thane,13
195,2021,Maruti Suzuki,Maruti Suzuki Baleno Delta Automatic,Baleno,900000.0,350.0,Petrol,Mumbai,5
196,2015,Tata,Tata Zest XMA Diesel,Zest,495000.0,61649.0,Diesel,Thane,11
197,2016,Honda,Honda BR-V V CVT Petrol,BR-V,855000.0000000001,28367.0,Petrol,Thane,10
198,2019,Maruti Suzuki,Maruti Suzuki S-Cross Zeta 1.3,S-Cross,985000.0,33997.0,Diesel,Thane,7
199,2011,Honda,Honda City 1.5 V AT,City,465000.00000000006,47209.0,Petrol,Thane,15
200,2013,Hyundai,Hyundai Elantra 1.6 SX AT,Elantra,675000.0,62812.0,Diesel,Thane,13
201,2014,Maruti Suzuki,Maruti Suzuki Ciaz ZXi,Ciaz,645000.0,52204.0,Petrol,Thane,12
202,2011,Honda,Honda Brio V MT,Brio,295000.0,39295.0,Petrol,Thane,15
203,2017,Hyundai,Hyundai Grand i10 Sports Edition 1.2L Kappa VTVT,Grand,521000.0,54803.0,Petrol,Thane,9
204,2014,Toyota,Toyota Innova 2.5 VX 7 STR BS-III,Innova,975000.0,150116.0,Diesel,Thane,12
205,2016,Maruti Suzuki,Maruti Suzuki Baleno Zeta 1.2,Baleno,621000.0,48968.0,Petrol,Thane,10
206,2017,Maruti Suzuki,Maruti Suzuki Vitara Brezza ZDi,Vitara,894999.9999999999,43494.0,Diesel,Thane,9
207,2017,Nissan,Nissan Sunny XV CVT,Sunny,635000.0,41584.0,Petrol,Thane,9
208,2016,Hyundai,Hyundai Creta 1.6 SX Plus AT,Creta,1145000.0,56839.0,Diesel,Thane,10
209,2012,Hyundai,Hyundai i10 Era 1.1 iRDE2 [2010-2017],i10,315000.0,34600.0,Petrol,Thane,14
210,2014,Renault,Renault Duster 110 PS RxZ Diesel,Duster,545000.0,77082.0,Diesel,Thane,12
211,2016,Maruti Suzuki,Maruti Suzuki Ciaz ZDi SHVS,Ciaz,615000.0,52000.0,Diesel,Mumbai,10
212,2014,Audi,Audi Q3 2.0 TDI quattro Premium,Q3,1455000.0,65000.0,Diesel,Mumbai,12
213,2012,Hyundai,Hyundai i20 Sportz 1.4 CRDI,i20,349000.0,84000.0,Diesel,Navi Mumbai,14
214,2017,Maruti Suzuki,Maruti Suzuki Ciaz Delta 1.3 Hybrid,Ciaz,775000.0,39535.0,Diesel,Thane,9
215,2015,Toyota,Toyota Etios Cross 1.2 G,Etios,499000.0,39792.0,Petrol,Thane,11
216,2016,Toyota,Toyota Corolla Altis VL AT Petrol,Corolla,1095000.0,31552.0,Petrol,Thane,10
217,2015,Hyundai,Hyundai Verna Fluidic 1.6 VTVT SX Opt AT,Verna,725000.0,37399.0,Petrol,Thane,11
218,2012,Toyota,Toyota Innova 2.5 G4 7 STR,Innova,765000.0,158359.0,Diesel,Thane,14
219,2016,Maruti Suzuki,Maruti Suzuki Baleno Zeta 1.2 AT,Baleno,699000.0,22272.0,Petrol,Thane,10
220,2017,Mahindra,Mahindra XUV500 W10 AT,XUV500,1545000.0,39700.0,Diesel,Thane,9
221,2017,Hyundai,Hyundai Creta 1.6 SX Plus AT Petrol,Creta,1195000.0,30958.0,Petrol,Thane,9
222,2018,Honda,Honda WR-V VX MT Diesel,WR-V,894999.9999999999,32202.0,Diesel,Thane,8
223,2018,Land Rover,Land Rover Discovery Sport HSE Luxury 7-Seater,Discovery,4190000.0,65000.0,Diesel,Mumbai,8
224,2018,Mercedes-Benz,Mercedes-Benz CLA 200 CDI Sport,CLA,3000000.0,10000.0,Diesel,Mumbai,8
225,2020,Volkswagen,Volkswagen Polo GT TSI,Polo,1025000.0,2608.0,Petrol,Mumbai,6
226,2021,Skoda,Skoda Superb L&K TSI AT,Superb,3495000.0000000005,7500.0,Petrol,Mumbai,5
227,2018,Mercedes-Benz,Mercedes-Benz CLA 200 D Urban Sport,CLA,2795000.0,34000.0,Diesel,Mumbai,8
228,2016,Mahindra,Mahindra XUV500 W10 AT,XUV500,1325000.0,41000.0,Diesel,Mumbai,10
229,2007,Honda,Honda CR-V 2.4 AT,CR-V,290000.0,195000.0,Petrol,Mumbai,19
230,2017,Hyundai,Hyundai Creta 1.6 SX Plus AT Petrol,Creta,1100000.0,43100.0,Petrol,Mumbai,9
231,2018,Mercedes-Benz,Mercedes-Benz CLA 200 Petrol Sport,CLA,2650000.0,17300.0,Petrol,Mumbai,8
232,2012,Honda,Honda Accord 2.4 AT,Accord,450000.0,61700.0,Petrol,Mumbai,14
233,2016,Maruti Suzuki,Maruti Suzuki Swift Dzire VDI,Swift,650000.0,68003.0,Diesel,Mumbai,10
234,2016,Mercedes-Benz,Mercedes-Benz C-Class C 220 CDI Avantgarde,C-Class,2200000.0,85000.0,Diesel,Mumbai,10
235,2009,Hyundai,Hyundai Verna VGT CRDi SX ABS,Verna,197000.0,98000.0,Diesel,Mumbai,17
236,2014,BMW,BMW X1 sDrive20d Sport Line,X1,1275000.0,45000.0,Diesel,Mumbai,12
237,2015,Volkswagen,Volkswagen Vento Comfortline Petrol AT,Vento,615000.0,33000.0,Petrol,Mumbai,11
238,2018,Honda,Honda BR-V V CVT Petrol,BR-V,1045000.0,4000.0,Petrol,Mumbai,8
239,2012,Toyota,Toyota Etios Liva V,Etios,325000.0,54215.0,Petrol + 1,Mumbai,14
240,2018,Honda,Honda City ZX CVT Petrol [2017-2019],City,1051000.0,47000.0,Petrol,Mumbai,8
241,2018,Maruti Suzuki,Maruti Suzuki Vitara Brezza ZDi+ Dual Tone [2017-2018],Vitara,975000.0,19000.0,Diesel,Mumbai,8
242,2015,Hyundai,Hyundai i20 Active 1.4L SX (O) [2015-2016],i20,695000.0,30000.0,Diesel,Mumbai,11
243,2012,Mahindra,Mahindra Scorpio VLX Special Edition BS-IV,Scorpio,567000.0,88000.0,Diesel,Mumbai,14
244,2018,BMW,BMW X5 xDrive30d Pure Experience (5 Seater),X5,5675000.0,21000.0,Diesel,Mumbai,8
245,2018,Land Rover,Land Rover Range Rover Evoque SE Dynamic,Evoque,4500000.0,40000.0,Diesel,Mumbai,8
246,2010,Maruti Suzuki,Maruti Suzuki Estilo VXi,Estilo,145000.0,78500.0,Petrol,Mumbai,16
247,2019,Tata,Tata Tiago Revotron XZ,Tiago,475000.0,11733.0,Petrol,Delhi,7
248,2013,Hyundai,Hyundai Verna Fluidic 1.6 VTVT SX,Verna,450000.0,41931.0,Petrol,Delhi,13
249,2018,Mercedes-Benz,Mercedes-Benz E-Class E 350 d Exclusive [2017-2019],E-Class,5175000.0,14880.0,Diesel,Delhi,8
250,2014,Honda,Honda Brio S MT,Brio,300000.0,41606.0,Petrol,Noida,12
251,2018,Jeep,Jeep Compass Limited Plus Petrol AT [2018-2020],Compass,1650000.0,16000.0,Petrol,Ghaziabad,8
252,2012,Jaguar,Jaguar XF 3.0 V6 Premium Luxury,XF,2050000.0,27300.0,Diesel,Panchkula,14
253,2017,BMW,BMW X1 xDrive20d M Sport,X1,2700000.0,18500.0,Diesel,Delhi,9
254,2014,Skoda,Skoda Rapid 1.6 MPI Ambition with Alloy Wheels,Rapid,445000.0,32000.0,Petrol,Delhi,12
255,2013,Maruti Suzuki,Maruti Suzuki Estilo LXi BS-IV,Estilo,215000.0,56567.0,Petrol,Delhi,13
256,2014,Hyundai,Hyundai Grand i10 Magna 1.2 Kappa VTVT [2013-2016],Grand,365000.0,51000.0,Petrol,Delhi,12
257,2015,Toyota,Toyota Innova 2.5 G BS IV 7 STR,Innova,925000.0,790000.0,Diesel,Delhi,11
258,2009,Hyundai,Hyundai Santro Xing GLS,Santro,150000.0,43000.0,Petrol,Delhi,17
259,2009,Honda,Honda City 1.5 S MT,City,260000.0,83000.0,Petrol,Delhi,17
260,2011,Mahindra,Mahindra Scorpio VLX 4WD Airbag BS-IV,Scorpio,465000.00000000006,720000.0,Diesel,Delhi,15
261,2015,MINI,MINI Cooper Countryman one,Cooper,1700000.0,45000.0,Petrol,Delhi,11
262,2017,Mahindra,Mahindra XUV500 W6 AT 1.99,XUV500,1200000.0,28000.0,Diesel,Delhi,9
263,2017,Hyundai,Hyundai Creta SX Plus 1.6 Petrol,Creta,975000.0,55000.0,Petrol,Delhi,9
264,2017,Maruti Suzuki,Maruti Suzuki Vitara Brezza ZDi+ Dual Tone [2017-2018],Vitara,825000.0,39000.0,Diesel,Delhi,9
265,2016,BMW,BMW 3 Series GT 320d Luxury Line [2014-2016],3,2500000.0,20000.0,Diesel,Delhi,10
266,2008,Honda,Honda CR-V 2.4 AT,CR-V,390000.0,97000.0,Petrol,Delhi,18
267,2019,BMW,BMW 6 Series GT 630i Luxury Line [2018-2019],6,5500000.0,18000.0,Petrol,Delhi,7
268,2015,Datsun,Datsun GO T,GO,260000.0,54000.0,Petrol,Noida,11
269,2012,Volkswagen,Volkswagen Passat Highline DSG,Passat,590000.0,88000.0,Diesel,Delhi,14
270,2014,BMW,BMW 3 Series 320d Highline Sedan,3,1390000.0,66000.0,Diesel,Delhi,12
271,2010,Honda,Honda Jazz S,Jazz,265000.0,57000.0,Petrol,Delhi,16
272,2007,Maruti Suzuki,Maruti Suzuki Wagon R LXi Minor,Wagon,62500.0,75000.0,Petrol,Delhi,19
273,2018,Mercedes-Benz,Mercedes-Benz C-Class C 220d Progressive [2018-2019],C-Class,3500000.0,13000.0,Diesel,Delhi,8
274,2017,Mahindra,Mahindra XUV500 W10 AT 1.99,XUV500,1175000.0,59700.0,Diesel,Delhi,9
275,2015,Volkswagen,Volkswagen Polo GT TSI,Polo,565000.0,57000.0,Petrol,Delhi,11
276,2014,Hyundai,Hyundai Grand i10 Sportz 1.2 Kappa VTVT [2013-2016],Grand,385000.0,34000.0,Petrol,Delhi,12
277,2014,Honda,Honda Brio VX AT,Brio,450000.0,68000.0,Petrol,Delhi,12
278,2020,Hyundai,Hyundai Creta SX (O) 1.5 Petrol CVT,Creta,1875000.0,8000.0,Petrol,Delhi,6
279,2018,Mahindra,Mahindra KUV100 NXT K8 D 6 STR,KUV100,545000.0,32000.0,Diesel,Delhi,8
280,2012,Volkswagen,Volkswagen Jetta Highline TDI AT,Jetta,615000.0,59000.0,Diesel,Delhi,14
281,2012,Tata,Tata Nano Base,Nano,65000.0,18000.0,Petrol,Ghaziabad,14
282,2017,Mahindra,Mahindra XUV500 W10 AWD,XUV500,1050000.0,68000.0,Diesel,Delhi,9
283,2016,Maruti Suzuki,Maruti Suzuki Ciaz VDi SHVS,Ciaz,599000.0,53357.0,Diesel,Ghaziabad,10
284,2016,Hyundai,Hyundai Grand i10 Sportz U2 1.2 CRDi,Grand,425000.0,64000.0,Diesel,Delhi,10
285,2017,Toyota,Toyota Fortuner 2.8 4x2 AT [2016-2020],Fortuner,2990000.0,38000.0,Diesel,Delhi,9
286,2012,Mercedes-Benz,Mercedes-Benz E-Class E200,E-Class,1260000.0,54000.0,Petrol,Delhi,14
287,2016,Skoda,Skoda Superb L&K TSI AT,Superb,1650000.0,51000.0,Petrol,Delhi,10
288,2018,Honda,Honda City VX CVT,City,1025000.0,31000.0,Petrol,Delhi,8
289,2012,Honda,Honda Brio V MT,Brio,299000.0,85000.0,Petrol,Noida,14
290,2021,Tata,Tata Safari XZA Plus,Safari,2190000.0,5500.0,Diesel,Delhi,5
291,2015,Ford,Ford EcoSport Titanium 1.5 Ti-VCT,EcoSport,495000.0,69000.0,Petrol,Noida,11
292,2018,Honda,Honda City V,City,890000.0,17000.0,Petrol,Delhi,8
293,2013,Maruti Suzuki,Maruti Suzuki Swift DZire VDI,Swift,350000.0,72000.0,Diesel,Delhi,13
294,2017,Maruti Suzuki,Maruti Suzuki Baleno Delta 1.2,Baleno,525000.0,60000.0,Petrol,Delhi,9
295,2019,Honda,Honda City ZX CVT Petrol [2017-2019],City,1200000.0,30500.0,Petrol,Delhi,7
296,2020,Renault,Renault Kwid 1.0 RXT Opt [2016-2019],Kwid,445000.0,11000.0,Petrol,Noida,6
297,2017,Mercedes-Benz,Mercedes-Benz E-Class E 250 CDI Edition E,E-Class,2700000.0,41000.0,Diesel,Delhi,9
298,2017,Ford,Ford EcoSport Ambiente 1.5L Ti-VCT,EcoSport,575000.0,60956.0,Petrol,Delhi,9
299,2018,Hyundai,Hyundai Elite i20 Sportz 1.2,Elite,655000.0,30834.0,Petrol,Delhi,8
300,2017,Honda,Honda Jazz SV Petrol,Jazz,575000.0,28000.0,Petrol,Delhi,9
301,2018,Maruti Suzuki,Maruti Suzuki Vitara Brezza VDi (O) [2016-2018],Vitara,790000.0,39000.0,Diesel,Delhi,8
302,2014,Maruti Suzuki,Maruti Suzuki Celerio VXi,Celerio,345000.0,65000.0,Petrol,Delhi,12
303,2015,Hyundai,Hyundai Creta 1.6 S Plus AT,Creta,835000.0,69000.0,Diesel,Delhi,11
304,2015,BMW,BMW 7 Series 730Ld Eminence,7,3700000.0,66000.0,Diesel,Dehradun,11
305,2015,BMW,BMW 7 Series 730Ld Prestige,7,3700000.0,48000.0,Diesel,Dehradun,11
306,2013,BMW,BMW 7 Series 730Ld Sedan,7,2900000.0,59000.0,Diesel,Dehradun,13
307,2018,BMW,BMW X1 sDrive20d Expedition,X1,2500000.0,33500.0,Diesel,Dehradun,8
308,2016,BMW,BMW Z4 sDrive 35i,Z4,4850000.0,26700.0,Petrol,Dehradun,10
309,2017,Jaguar,Jaguar F-Pace Prestige [2016-2017],F-Pace,3700000.0,45700.0,Diesel,Dehradun,9
310,2018,Jaguar,Jaguar XE Prestige Diesel,XE,3500000.0,23500.0,Diesel,Dehradun,8
311,2012,Lamborghini,Lamborghini Gallardo India Ltd Edition LP 550-2,Gallardo,12500000.0,14500.0,Petrol,Dehradun,14
312,2020,MINI,MINI Countryman Cooper S [2020-2021],Countryman,3850000.0,6517.0,Petrol,Dehradun,6
313,2014,Mercedes-Benz,Mercedes-Benz C-Class C 200 Avantgarde,C-Class,2700000.0,22000.0,Petrol,Dehradun,12
314,2017,Mercedes-Benz,Mercedes-Benz C-Class C 220 CDI Avantgarde,C-Class,2900000.0,44000.0,Diesel,Dehradun,9
315,2018,Audi,Audi A6 35 TDI Matrix,A6,3750000.0,22000.0,Diesel,Dehradun,8
316,2013,Audi,Audi Q7 3.0 TDI quattro Premium Plus,Q7,1675000.0,50000.0,Diesel,Delhi,13
317,2020,MG,MG Hector Plus Sharp 1.5 DCT Petrol,Hector,1950000.0,4500.0,Petrol,Delhi,6
318,2018,Maruti Suzuki,Maruti Suzuki Vitara Brezza VDi (O) [2016-2018],Vitara,769000.0,47201.0,Diesel,Delhi,8
319,2017,Maruti Suzuki,Maruti Suzuki Vitara Brezza ZDi+ Dual Tone [2017-2018],Vitara,825000.0,18500.0,Diesel,Delhi,9
320,2017,Renault,Renault Kwid CLIMBER 1.0 [2017-2019],Kwid,345000.0,17453.0,Petrol,Delhi,9
321,2015,Audi,Audi Q3 35 TDI Premium Plus,Q3,1650000.0,67000.0,Diesel,Delhi,11
322,2019,Hyundai,Hyundai Creta E Plus 1.6 Petrol,Creta,975000.0,18854.0,Petrol,Delhi,7
323,2017,Tata,Tata Tiago Revotron XZA [2017-2019],Tiago,395000.0,32445.0,Petrol,Delhi,9
324,2012,Maruti Suzuki,Maruti Suzuki Swift DZire VDI,Swift,245000.00000000003,66000.0,Diesel,Ghaziabad,14
325,2020,Hyundai,Hyundai Creta SX 1.5 Petrol,Creta,1689999.9999999998,14320.0,Petrol,Delhi,6
326,2017,Maruti Suzuki,Maruti Suzuki Vitara Brezza ZDi+ Dual Tone [2017-2018],Vitara,825000.0,18500.0,Diesel,Delhi,9
327,2020,Maruti Suzuki,Maruti Suzuki Vitara Brezza VXi,Vitara,860000.0,12240.0,Petrol,Ghaziabad,6
328,2011,Maruti Suzuki,Maruti Suzuki Swift LXi,Swift,260000.0,55000.0,Petrol + 1,Delhi,15
329,2015,Audi,Audi Q3 35 TDI Premium Plus,Q3,1650000.0,67000.0,Diesel,Delhi,11
330,2014,Renault,Renault Duster 85 PS RxL Diesel,Duster,445000.0,71000.0,Diesel,Noida,12
331,2017,Renault,Renault Kwid CLIMBER 1.0 [2017-2019],Kwid,345000.0,17453.0,Petrol,Delhi,9
332,2020,Maruti Suzuki,Maruti Suzuki Wagon R 1.0 VXI+ (O),Wagon,565000.0,7823.0,Petrol,Delhi,6
333,2020,Maruti Suzuki,Maruti Suzuki Ciaz Alpha 1.3 Hybrid,Ciaz,1085000.0,8000.0,Diesel,Delhi,6
334,2014,Honda,Honda Brio S MT,Brio,300000.0,41606.0,Petrol,Noida,12
335,2013,Audi,Audi Q7 3.0 TDI quattro Premium Plus,Q7,1675000.0,50000.0,Diesel,Delhi,13
336,2019,Hyundai,Hyundai Creta E Plus 1.6 Petrol,Creta,975000.0,18854.0,Petrol,Delhi,7
337,2012,Maruti Suzuki,Maruti Suzuki Swift DZire VDI,Swift,245000.00000000003,66000.0,Diesel,Ghaziabad,14
338,2020,Hyundai,Hyundai Creta SX 1.5 Petrol,Creta,1689999.9999999998,14320.0,Petrol,Delhi,6
339,2014,Hyundai,Hyundai Grand i10 Magna 1.2 Kappa VTVT [2013-2016],Grand,365000.0,40000.0,Petrol,Noida,12
340,2015,Audi,Audi A6 2.0 TDI Premium,A6,1975000.0,75000.0,Diesel,Delhi,11
341,2019,Hyundai,Hyundai Creta SX 1.6 AT Petrol,Creta,1475000.0,10000.0,Petrol,Delhi,7
342,2017,Audi,Audi Q7 45 TDI Technology Pack,Q7,5900000.0,31000.0,Diesel,Delhi,9
343,2019,Audi,Audi Q3 35 TDI quattro Premium Plus,Q3,3100000.0,14000.0,Diesel,Delhi,7
344,2018,BMW,BMW X1 sDrive20d xLine,X1,2750000.0,21000.0,Diesel,Delhi,8
345,2017,Ford,Ford Mustang GT Fastback 5.0L v8,Mustang,7200000.0,17000.0,Petrol,Delhi,9
346,2015,Mercedes-Benz,Mercedes-Benz SLK 350,SLK,3750000.0,32000.0,Petrol,Delhi,11
347,2018,BMW,BMW 7 Series 730Ld DPE,7,6950000.0,31000.0,Diesel,Delhi,8
348,2019,Jaguar,Jaguar XE Prestige Diesel,XE,3300000.0,27000.0,Diesel,Delhi,7
349,2019,BMW,BMW 5 Series 530d M Sport [2013-2017],5,5500000.0,9800.0,Diesel,Delhi,7
350,2018,BMW,BMW 7 Series 730Ld DPE,7,6950000.0,31000.0,Diesel,Delhi,8
351,2019,Jaguar,Jaguar XE Prestige Diesel,XE,3300000.0,27000.0,Diesel,Delhi,7
352,2019,BMW,BMW 5 Series 530d M Sport [2013-2017],5,5500000.0,9800.0,Diesel,Delhi,7
353,2012,Skoda,Skoda Rapid Active 1.6 MPI MT,Rapid,380000.0,30000.0,Petrol,Delhi,14
354,2016,Mercedes-Benz,Mercedes-Benz S-Class S 400,S-Class,6800000.0,30000.0,Petrol,Delhi,10
355,2020,BMW,BMW X7 xDrive30d DPE Signature [2019-2020],X7,11500000.0,12000.0,Diesel,Delhi,6
356,2019,Volkswagen,Volkswagen Vento Highline Plus 1.2 (P) AT 16 Alloy,Vento,1050000.0,38000.0,Petrol,Delhi,7
357,2018,Porsche,Porsche 718 Cayman [2017-2020],718,8600000.0,4000.0,Petrol,Faridabad,8
358,2018,Toyota,Toyota Innova Crysta 2.8 ZX AT 7 STR [2016-2020],Innova,2050000.0,80000.0,Diesel,Delhi,8
359,2012,Audi,Audi Q5 2.0 TDI quattro Premium Plus,Q5,1625000.0,14500.0,Diesel,Delhi,14
360,2015,Land Rover,Land Rover Range Rover Evoque Dynamic SD4,Evoque,2850000.0,41000.0,Diesel,Delhi,11
361,2016,Mercedes-Benz,Mercedes-Benz CLA 200 Petrol Sport (CBU),CLA,1851000.0,43000.0,Petrol,Delhi,10
362,2018,BMW,BMW 3 Series GT 330i M Sport [2017-2019],3,3750000.0,18000.0,Petrol,Delhi,8
363,2012,Tata,Tata Aria Pure 4x2,Aria,425000.0,2700.0,Diesel,Delhi,14
364,2019,Mercedes-Benz,Mercedes-Benz CLA 200 D Urban Sport,CLA,2800000.0,23000.0,Diesel,Delhi,7
365,2019,Jaguar,Jaguar F-Pace Prestige,F-Pace,5100000.0,13000.0,Diesel,Delhi,7
366,2020,BMW,BMW 7 Series 740Li DPE Signature,7,12100000.0,12000.0,Petrol,Delhi,6
367,2020,Jeep,Jeep Compass Limited Plus 2.0 Diesel 4x4 AT,Compass,2400000.0,17000.0,Diesel,Delhi,6
368,2019,Ford,Ford Endeavour Titanium 2.2 4x2 AT,Endeavour,3000000.0,40000.0,Diesel,Delhi,7
369,2018,BMW,BMW X1 sDrive20d xLine,X1,2900000.0,32000.0,Diesel,Delhi,8
370,2015,Audi,Audi A6 2.0 TDI Premium,A6,1975000.0,75000.0,Diesel,Delhi,11
371,2019,Hyundai,Hyundai Creta SX 1.6 AT Petrol,Creta,1475000.0,10000.0,Petrol,Delhi,7
372,2018,Honda,Honda Jazz VX CVT Petrol,Jazz,695000.0,32000.0,Petrol,Agra,8
373,2014,Audi,Audi A6 2.0 TDI Premium Plus,A6,1465000.0,75000.0,Diesel,Delhi,12
374,2017,Mahindra,Mahindra XUV500 W10 AT,XUV500,1275000.0,70000.0,Diesel,Delhi,9
375,2012,Mercedes-Benz,Mercedes-Benz E-Class E200,E-Class,1260000.0,54000.0,Petrol,Delhi,14
376,2018,Land Rover,Land Rover Range Rover 3.0 V6 Diesel Vogue,3.0,14700000.0,25000.0,Diesel,Delhi,8
377,2018,Toyota,Toyota Land Cruiser LC 200 VX,Land,14500000.0,90000.0,Diesel,Delhi,8
378,2020,Mercedes-Benz,Mercedes-Benz GLC 220d 4MATIC Progressive [2019-2021],GLC,5800000.0,12000.0,Diesel,Delhi,6
379,2019,Ford,Ford Mustang GT Fastback 5.0L v8,Mustang,7100000.0,7000.0,Petrol,Delhi,7
380,2019,Lexus,Lexus NX 300h Luxury [2017-2020],NX,5200000.0,30000.0,Petrol,Delhi,7
381,2019,Audi,Audi Q7 45 TDI Technology Pack,Q7,7300000.0,9000.0,Diesel,Delhi,7
382,2021,Mahindra,Mahindra Thar LX 4-STR Convertible Petrol AT,Thar,1811000.0,490.0,Petrol,Delhi,5
383,2017,Lexus,Lexus ES 300h,ES,3790000.0,16000.0,Petrol,Delhi,9
384,2015,Audi,Audi A6 35 TDI Premium,A6,2150000.0,14000.0,Diesel,Delhi,11
385,2008,BMW,BMW 5 Series 523i Sedan,5,485000.0,64000.0,Petrol,Delhi,18
386,2020,Mercedes-Benz,Mercedes-Benz GLS 350 d,GLS,8400000.0,14800.0,Diesel,Delhi,6
387,2014,Maruti Suzuki,Maruti Suzuki Ertiga VDi,Ertiga,550000.0,98500.0,Diesel,Lucknow,12
388,2018,Mercedes-Benz,Mercedes-Benz GLA 220 d 4MATIC,GLA,2850000.0,55000.0,Diesel,Lucknow,8
389,2019,Maruti Suzuki,Maruti Suzuki Dzire ZDi AMT,Dzire,875000.0,15500.0,Diesel,Lucknow,7
390,2014,Hyundai,Hyundai Verna Fluidic 1.6 CRDi SX,Verna,550000.0,115000.0,Diesel,Lucknow,12
391,2013,Audi,Audi Q5 2.0 TDI quattro Premium,Q5,1600000.0,74000.0,Diesel,Dehradun,13
392,2014,Audi,Audi Q7 3.0 TDI quattro Premium Plus,Q7,2800000.0,54500.0,Diesel,Dehradun,12
393,2015,BMW,BMW 5 Series 530d M Sport [2013-2017],5,2350000.0,77000.0,Diesel,Dehradun,11
394,2013,Audi,Audi A4 2.0 TDI (177bhp) Premium Sport,A4,1450000.0,63700.0,Diesel,Dehradun,13
395,2013,Audi,Audi A6 2.0 TDI Premium,A6,1650000.0,64000.0,Diesel,Dehradun,13
396,2018,Audi,Audi Q3 35 TDI quattro Premium Plus,Q3,2800000.0,43000.0,Diesel,Dehradun,8
397,2019,Toyota,Toyota Fortuner 2.8 4x4 MT [2016-2020],Fortuner,2675000.0,85000.0,Diesel,Lucknow,7
398,2019,Ford,Ford EcoSport Titanium + 1.5L Ti-VCT,EcoSport,950000.0,6372.0,Petrol,Delhi,7
399,2011,Toyota,Toyota Corolla Altis 1.8 G,Corolla,365000.0,35000.0,Petrol,Delhi,15
400,2019,Volkswagen,Volkswagen Ameo Trendline 1.2L (P),Ameo,495000.0,38000.0,Petrol,Noida,7
401,2015,Maruti Suzuki,Maruti Suzuki Swift DZire VXI,Swift,449000.0,67800.0,Petrol,Delhi,11
402,2017,Maruti Suzuki,Maruti Suzuki Vitara Brezza VDi (O) [2016-2018],Vitara,745000.0,67000.0,Diesel,Noida,9
403,2017,Toyota,Toyota Innova Crysta 2.7 GX AT 7 STR [2016-2020],Innova,1571000.0,73009.0,Petrol,Delhi,9
404,2017,BMW,BMW X1 xDrive20d M Sport,X1,2575000.0,60000.0,Diesel,Delhi,9
405,2019,Land Rover,Land Rover Range Rover Sport SE 3.0 Diesel [2018-2020],Sport,12300000.0,17000.0,Diesel,Delhi,7
406,2018,Toyota,Toyota Fortuner 2.7 4x2 AT [2016-2020],Fortuner,3075000.0,25000.0,Petrol,Delhi,8
407,2018,BMW,BMW 5 Series 520d Luxury Line [2017-2019],5,3950000.0,55000.0,Diesel,Delhi,8
408,2016,Honda,Honda City VX,City,800000.0,38000.0,Petrol,Delhi,10
409,2019,Audi,Audi A3 35 TFSI Technology,A3,2550000.0,15000.0,Petrol,Delhi,7
410,2012,Audi,Audi Q7 3.0 TDI quattro Premium Plus,Q7,1650000.0,65000.0,Diesel,Delhi,14
411,2015,Maruti Suzuki,Maruti Suzuki Baleno Delta 1.2,Baleno,465000.00000000006,58000.0,Petrol,Noida,11
412,2019,Toyota,Toyota Innova Crysta 2.8 ZX AT 7 STR [2016-2020],Innova,2325000.0,38000.0,Diesel,Delhi,7
413,2019,Tata,Tata Harrier XZ [2019-2020],Harrier,1625000.0,12000.0,Diesel,Delhi,7
414,2018,Maruti Suzuki,Maruti Suzuki Ciaz Alpha 1.4 MT,Ciaz,894999.9999999999,27000.0,Petrol,Delhi,8
415,2017,Mercedes-Benz,Mercedes-Benz CLA 45 AMG 4MATIC [2017-2017],CLA,4300000.0,17000.0,Petrol,Dehradun,9
416,2016,Volvo,Volvo V40 D3 R-Design,V40,1750000.0,78000.0,Diesel,Dehradun,10
417,2018,Mercedes-Benz,Mercedes-Benz E-Class E 220d Expression [2019-2019],E-Class,4700000.0,38200.0,Diesel,Dehradun,8
418,2020,Land Rover,Land Rover Range Rover Evoque S [2020-2021],Evoque,5900000.0,9000.0,Diesel,Dehradun,6
419,2018,Mercedes-Benz,Mercedes-Benz GLC 220 d Sport,GLC,4500000.0,43000.0,Diesel,Dehradun,8
420,2019,Mercedes-Benz,Mercedes-Benz S-Class (W222) S 350D [2018-2020],S-Class,11000000.0,7111.0,Diesel,Dehradun,7
421,2015,Mercedes-Benz,Mercedes-Benz GLA 200 Sport,GLA,2050000.0,18000.0,Petrol,Dehradun,11
422,2018,Mercedes-Benz,Mercedes-Benz GLC 220 d Sport,GLC,4500000.0,43000.0,Diesel,Dehradun,8
423,2018,Mercedes-Benz,Mercedes-Benz E-Class E 220d Expression [2019-2019],E-Class,4700000.0,38200.0,Diesel,Dehradun,8
424,2014,Mercedes-Benz,Mercedes-Benz A-Class A 180 CDI Style,A-Class,1275000.0,56000.0,Diesel,Delhi,12
425,2017,Mercedes-Benz,Mercedes-Benz CLA 200 CDI Sport,CLA,2575000.0,22500.0,Diesel,Delhi,9
426,2010,Mitsubishi,Mitsubishi Outlander 2.4 MIVEC,Outlander,550000.0,75000.0,Petrol,Delhi,16
427,2018,BMW,BMW 5 Series 520d Luxury Line [2017-2019],5,4200000.0,24000.0,Diesel,Delhi,8
428,2014,Audi,Audi Q7 3.0 TDI quattro Premium Plus,Q7,2390000.0,57000.0,Diesel,Delhi,12
429,2020,Mercedes-Benz,Mercedes-Benz GLC 220 d Progressive,GLC,5700000.0,9000.0,Diesel,Delhi,6
430,2019,Toyota,Toyota Innova Crysta 2.7 ZX AT 7 STR,Innova,2175000.0,15800.0,Petrol,Delhi,7
431,2019,Honda,Honda City VX (O) MT BL,City,1145000.0,21963.0,Petrol,Delhi,7
432,2013,Hyundai,Hyundai Grand i10 Sportz AT 1.2 Kappa VTVT,Grand,370000.0,49350.0,Petrol,Delhi,13
433,2019,Mahindra,Mahindra Scorpio S11 2WD 8 STR,Scorpio,1675000.0,53500.0,Diesel,Lucknow,7
434,2018,Jeep,Jeep Compass Limited Plus Petrol AT [2018-2020],Compass,1650000.0,16000.0,Petrol,Ghaziabad,8
435,2012,Honda,Honda Brio S MT,Brio,235000.0,65000.0,Petrol,Noida,14
436,2019,MG,MG Hector Sharp 1.5 DCT Petrol [2019-2020],Hector,1639999.9999999998,24000.0,Petrol,Delhi,7
437,2019,Maruti Suzuki,Maruti Suzuki Baleno Delta 1.2,Baleno,635000.0,13000.0,Petrol,Delhi,7
438,2010,Maruti Suzuki,Maruti Suzuki Wagon R 1.0 LXi,Wagon,125000.0,71000.0,Petrol,Delhi,16
439,2017,BMW,BMW X5 xDrive35i Pure Experience (5 seater),X5,4700000.0,47000.0,Petrol,Delhi,9
440,2018,Maruti Suzuki,Maruti Suzuki Ciaz Alpha 1.4 AT,Ciaz,910000.0,34000.0,Petrol,Delhi,8
441,2017,Honda,Honda WR-V VX MT Diesel,WR-V,720000.0,73000.0,Diesel,Delhi,9
442,2018,Maruti Suzuki,Maruti Suzuki Baleno Delta 1.3,Baleno,635000.0,70000.0,Diesel,Delhi,8
443,2021,Mahindra,Mahindra Thar LX 4-STR Hard Top Petrol AT,Thar,1850000.0,4000.0,Petrol,Delhi,5
444,2010,Honda,Honda City 1.5 S MT,City,310000.0,58000.0,Petrol,Delhi,16
445,2016,Maruti Suzuki,Maruti Suzuki Swift VXi [2014-2017],Swift,460000.0,29000.0,Petrol,Delhi,10
446,2019,Jaguar,Jaguar XE Prestige,XE,3390000.0,18000.0,Petrol,Delhi,7
447,2018,Mercedes-Benz,Mercedes-Benz E-Class E 350 d Exclusive [2017-2019],E-Class,5175000.0,14880.0,Diesel,Delhi,8
448,2019,Maruti Suzuki,Maruti Suzuki Celerio VXi CNG [2019-2020],Celerio,535000.0,45000.0,CNG + 1,Delhi,7
449,2012,Maruti Suzuki,Maruti Suzuki Swift DZire VXI,Swift,320000.0,80000.0,Petrol,Delhi,14
450,2020,Mercedes-Benz,Mercedes-Benz CLA 200 CDI Sport (CBU),CLA,3000000.0,4000.0,Diesel,Delhi,6
451,2009,Maruti Suzuki,Maruti Suzuki Wagon R LXi Minor,Wagon,135000.0,75000.0,Petrol,Delhi,17
452,2019,Maruti Suzuki,Maruti Suzuki Baleno Delta 1.2,Baleno,635000.0,13000.0,Petrol,Delhi,7
453,2018,Maruti Suzuki,Maruti Suzuki Ciaz Alpha 1.4 AT,Ciaz,910000.0,34000.0,Petrol,Delhi,8
454,2017,Ford,Ford Endeavour Titanium 3.2 4x4 AT,Endeavour,2750000.0,50000.0,Diesel,Delhi,9
455,2020,Kia,Kia Seltos GTX Plus AT 1.4 [2019-2020],Seltos,1850000.0,5800.0,Petrol,Delhi,6
456,2017,BMW,BMW X5 xDrive35i Pure Experience (5 seater),X5,4700000.0,47000.0,Petrol,Delhi,9
457,2016,Ford,Ford Mustang GT Fastback 5.0L v8,Mustang,7300000.0,23000.0,Petrol,Delhi,10
458,2014,Honda,Honda Brio S MT,Brio,325000.0,52000.0,Petrol,Delhi,12
459,2017,Honda,Honda WR-V VX MT Diesel,WR-V,720000.0,73000.0,Diesel,Delhi,9
460,2018,Maruti Suzuki,Maruti Suzuki Baleno Delta 1.3,Baleno,635000.0,70000.0,Diesel,Delhi,8
461,2014,Hyundai,Hyundai Grand i10 Asta 1.2 Kappa VTVT (O) [2013-2017],Grand,395000.0,23000.0,Petrol,Delhi,12
462,2017,BMW,BMW X1 sDrive20d xLine,X1,2350000.0,48000.0,Diesel,Delhi,9
463,2020,Mercedes-Benz,Mercedes-Benz E-Class E 220d Exclusive [2019-2019],E-Class,5600000.0,8000.0,Diesel,Delhi,6
464,2020,MG,MG Hector Sharp 1.5 DCT Petrol [2019-2020],Hector,1825000.0,45000.0,Petrol,Delhi,6
465,2011,Hyundai,Hyundai i10 Sportz 1.2 Kappa2,i10,225000.0,71000.0,Petrol + 1,Delhi,15
466,2016,Renault,Renault Duster 110 PS RXZ 4X4 MT Diesel,Duster,545000.0,50000.0,Diesel,Delhi,10
467,2010,Honda,Honda City 1.5 S MT,City,310000.0,58000.0,Petrol,Delhi,16
468,2016,Maruti Suzuki,Maruti Suzuki Swift VXi [2014-2017],Swift,460000.0,29000.0,Petrol,Delhi,10
469,2012,Hyundai,Hyundai i10 Sportz 1.2 Kappa2,i10,245000.00000000003,52000.0,Petrol,Delhi,14
470,2017,Ford,Ford Endeavour Titanium 3.2 4x4 AT,Endeavour,2950000.0,31000.0,Diesel,Delhi,9
471,2019,Maruti Suzuki,Maruti Suzuki Baleno Delta 1.2,Baleno,635000.0,13000.0,Petrol,Delhi,7
472,2017,Ford,Ford Endeavour Titanium 3.2 4x4 AT,Endeavour,2750000.0,50000.0,Diesel,Delhi,9
473,2020,Kia,Kia Seltos GTX Plus AT 1.4 [2019-2020],Seltos,1850000.0,5800.0,Petrol,Delhi,6
474,2017,BMW,BMW X5 xDrive35i Pure Experience (5 seater),X5,4700000.0,47000.0,Petrol,Delhi,9
475,2016,Ford,Ford Mustang GT Fastback 5.0L v8,Mustang,7300000.0,23000.0,Petrol,Delhi,10
476,2012,Hyundai,Hyundai i10 Sportz 1.2 Kappa2,i10,245000.00000000003,52000.0,Petrol,Delhi,14
477,2010,Honda,Honda City 1.5 S MT,City,310000.0,58000.0,Petrol,Delhi,16
478,2016,Maruti Suzuki,Maruti Suzuki Swift VXi [2014-2017],Swift,460000.0,29000.0,Petrol,Delhi,10
479,2015,Hyundai,Hyundai Elite i20 Asta 1.4 (O) CRDi,Elite,550000.0,55000.0,Diesel,Delhi,11
480,2018,Audi,Audi Q3 35 TDI quattro Premium Plus,Q3,2750000.0,37000.0,Diesel,Ghaziabad,8
481,2014,Chevrolet,Chevrolet Beat LS Diesel,Beat,195000.0,39000.0,Diesel,Delhi,12
482,2015,Honda,Honda Amaze 1.2 S i-VTEC,Amaze,390000.0,61000.0,Petrol,Ghaziabad,11
483,2014,Volkswagen,Volkswagen Polo GT TDI,Polo,385000.0,85000.0,Diesel,Delhi,12
484,2019,Skoda,Skoda Octavia 2.0 TDI L&K,Octavia,1999000.0,51000.0,Diesel,Delhi,7
485,2015,Mercedes-Benz,Mercedes-Benz M-Class ML 350 CDI,M-Class,2900000.0,47000.0,Diesel,Delhi,11
486,2015,Volkswagen,Volkswagen Polo GT TSI,Polo,550000.0,67000.0,Petrol,Delhi,11
487,2018,Mahindra,Mahindra XUV500 W5 [2018-2020],XUV500,1075000.0,23000.0,Diesel,Delhi,8
488,2016,Honda,Honda Amaze 1.2 S i-VTEC Opt,Amaze,435000.0,52000.0,Petrol,Delhi,10
489,2012,Honda,Honda City 1.5 V MT,City,425000.0,80000.0,Petrol,Delhi,14
490,2010,Maruti Suzuki,Maruti Suzuki SX4 VXi,SX4,225000.0,72000.0,Petrol,Ghaziabad,16
491,2013,Mercedes-Benz,Mercedes-Benz GL 350 CDI,GL,2650000.0,68000.0,Diesel,Faridabad,13
492,2019,Mahindra,Mahindra XUV300 1.5 W8 (O) [2019-2020],XUV300,925000.0,25000.0,Diesel,Delhi,7
493,2015,Renault,Renault Lodgy 110 PS RXZ [2015-2016],Lodgy,650000.0,65349.0,Diesel,Bangalore,11
494,2018,Hyundai,Hyundai Creta SX 1.6 CRDi (O),Creta,1395000.0,55627.0,Diesel,Bangalore,8
495,2007,Honda,Honda City ZX VTEC,City,325000.0,76890.0,Petrol,Bangalore,19
496,2010,Skoda,Skoda Superb Elegance TSI AT,Superb,675000.0,61000.0,Petrol,Bangalore,16
497,2017,Maruti Suzuki,Maruti Suzuki Baleno Alpha 1.2,Baleno,735000.0,33905.0,Petrol,Bangalore,9
498,2019,BMW,BMW X5 xDrive30d xLine,X5,6600000.0,26000.0,Diesel,Bangalore,7
499,2014,Mahindra,Mahindra XUV500 W8 [2015-2017],XUV500,915000.0,52255.0,Diesel,Bangalore,12
500,2010,Hyundai,Hyundai i10 Sportz 1.2,i10,280000.0,72799.0,Petrol,Bangalore,16
501,2017,Hyundai,Hyundai Grand i10 Sportz 1.2 Kappa VTVT [2016-2017],Grand,585000.0,27805.0,Petrol,Bangalore,9
502,2017,Maruti Suzuki,Maruti Suzuki Baleno Alpha 1.2,Baleno,735000.0,33984.0,Petrol,Bangalore,9
503,2017,Hyundai,Hyundai Grand i10 Sportz 1.2 Kappa VTVT [2016-2017],Grand,599000.0,35876.0,Petrol,Bangalore,9
504,2018,Hyundai,Hyundai Creta SX 1.6 AT Petrol,Creta,1450000.0,26966.0,Petrol,Bangalore,8
505,2016,Maruti Suzuki,Maruti Suzuki Swift Dzire VXI AT ABS,Swift,695000.0,47057.0,Petrol,Bangalore,10
506,2018,Mahindra,Mahindra XUV500 W7 [2018-2020],XUV500,1425000.0,53636.0,Diesel,Bangalore,8
507,2013,Honda,Honda CR-V 2.4L 4WD AVN,CR-V,1399000.0,94055.0,Petrol,Bangalore,13
508,2019,Maruti Suzuki,Maruti Suzuki Swift VXi AMT,Swift,745000.0,18680.0,Petrol,Bangalore,7
509,2018,Mahindra,Mahindra XUV500 W7 [2018-2020],XUV500,1425000.0,53636.0,Diesel,Bangalore,8
510,2018,Maruti Suzuki,Maruti Suzuki Swift VXi AMT [2018-2019],Swift,680000.0,39792.0,Petrol,Bangalore,8
511,2017,Hyundai,Hyundai Creta SX Plus 1.6 Petrol,Creta,1145000.0,61307.0,Petrol,Bangalore,9
512,2018,Mahindra,Mahindra XUV500 W11 AT,XUV500,1795000.0,53769.0,Diesel,Bangalore,8
513,2016,Maruti Suzuki,Maruti Suzuki Swift VXi [2014-2017],Swift,595000.0,51016.0,Petrol,Bangalore,10
514,2018,Maruti Suzuki,Maruti Suzuki Vitara Brezza VDi,Vitara,935000.0,30356.0,Diesel,Bangalore,8
515,2015,Skoda,Skoda Rapid 1.5 TDI CR Elegance AT,Rapid,745000.0,60997.0,Diesel,Bangalore,11
516,2013,Honda,Honda CR-V 2.4L 4WD AVN,CR-V,1399000.0,94030.0,Petrol,Bangalore,13
517,2017,Hyundai,Hyundai Creta SX 1.6 CRDI (O),Creta,1299000.0,60559.0,Diesel,Bangalore,9
518,2017,Hyundai,Hyundai Creta SX 1.6 CRDI,Creta,1185000.0,68796.0,Diesel,Bangalore,9
519,2017,Volkswagen,Volkswagen Vento Highline Plus 1.5 (D) 16 Alloy,Vento,945000.0,42876.0,Diesel,Bangalore,9
520,2019,Mahindra,Mahindra XUV500 W11(O) [2018-2020],XUV500,1785000.0000000002,28713.0,Diesel,Bangalore,7
521,2017,Hyundai,Hyundai Grand i10 Sports Edition 1.2L Kappa VTVT,Grand,599000.0,35855.0,Petrol,Bangalore,9
522,2018,Hyundai,Hyundai Creta SX 1.6 (O) Petrol,Creta,1345000.0,36986.0,Petrol,Bangalore,8
523,2018,Hyundai,Hyundai Creta SX Plus 1.6 Petrol,Creta,1295000.0,26605.0,Petrol,Bangalore,8
524,2018,Hyundai,Hyundai Creta 1.6 SX Plus AT Petrol,Creta,1345000.0,50192.0,Petrol,Bangalore,8
525,2013,Toyota,Toyota Corolla Altis JS Petrol,Corolla,725000.0,44862.0,Petrol,Bangalore,13
526,2017,Hyundai,Hyundai Creta 1.6 SX Plus AT Petrol,Creta,1165000.0,74848.0,Petrol,Bangalore,9
527,2018,Maruti Suzuki,Maruti Suzuki Ciaz Alpha 1.4 MT,Ciaz,949000.0,15133.0,Petrol,Bangalore,8
528,2018,Honda,Honda City V,City,925000.0,40542.0,Petrol,Bangalore,8
529,2017,Maruti Suzuki,Maruti Suzuki Baleno Alpha 1.2,Baleno,735000.0,33905.0,Petrol,Bangalore,9
530,2018,Hyundai,Hyundai Creta SX 1.6 CRDi (O),Creta,1395000.0,55627.0,Diesel,Bangalore,8
531,2021,MG,MG Hector Sharp 2.0 Diesel [2019-2020],Hector,2150000.0,10860.0,Diesel,Bangalore,5
532,2017,Hyundai,Hyundai Creta 1.6 S Plus AT,Creta,1345000.0,52165.0,Diesel,Bangalore,9
533,2018,Hyundai,Hyundai Creta 1.6 SX Plus AT Petrol,Creta,1395000.0,36412.0,Petrol,Bangalore,8
534,2018,Hyundai,Hyundai Creta SX 1.6 CRDi (O),Creta,1395000.0,55692.0,Diesel,Bangalore,8
535,2017,Hyundai,Hyundai Creta 1.6 SX Plus Petrol,Creta,1145000.0,61252.0,Petrol,Bangalore,9
536,2017,Hyundai,Hyundai Creta SX Plus 1.6 Petrol,Creta,1175000.0,31663.0,Petrol,Bangalore,9
537,2017,Fiat,Fiat Avventura Emotion Multijet 1.3,Avventura,740000.0,15440.0,Diesel,Bangalore,9
538,2020,Mahindra,Mahindra Thar LX 4-STR Hard Top Diesel MT,Thar,1685000.0000000002,10035.0,Diesel,Bangalore,6
539,2013,Hyundai,Hyundai i10 Era 1.1 iRDE2 [2010-2017],i10,335000.0,45654.0,Petrol,Bangalore,13
540,2017,Renault,Renault Kwid 1.0 RXT AMT Opt [2016-2019],Kwid,410000.0,13839.0,Petrol,Bangalore,9
541,2015,Nissan,Nissan Micra Active XL,Micra,465000.00000000006,13123.0,Petrol,Bangalore,11
542,2018,Maruti Suzuki,Maruti Suzuki Eeco 5 STR WITH A/C+HTR [2019-2020],Eeco,435000.0,41581.0,Petrol,Bangalore,8
543,2013,Hyundai,Hyundai Eon D-Lite,Eon,290000.0,35421.0,Petrol,Bangalore,13
544,2016,Honda,Honda Jazz S MT [2015-2016],Jazz,580000.0,44814.0,Petrol,Bangalore,10
545,2016,Hyundai,Hyundai Fluidic Verna 4S 1.6 VTVT S,Fluidic,699000.0,42811.0,Petrol,Bangalore,10
546,2016,Maruti Suzuki,Maruti Suzuki Ciaz ZXi AT,Ciaz,750000.0,45949.0,Petrol,Bangalore,10
547,2015,Maruti Suzuki,Maruti Suzuki Alto 800 Lxi,Alto,375000.0,18760.0,Petrol,Bangalore,11
548,2015,Maruti Suzuki,Maruti Suzuki Ciaz ZXI+,Ciaz,699000.0,74541.0,Petrol,Bangalore,11
549,2016,Hyundai,Hyundai Fluidic Verna 4S 1.6 VTVT S,Fluidic,699000.0,42811.0,Petrol,Bangalore,10
550,2016,Maruti Suzuki,Maruti Suzuki Ciaz ZXi AT,Ciaz,750000.0,45949.0,Petrol,Bangalore,10
551,2015,Maruti Suzuki,Maruti Suzuki Alto 800 Lxi,Alto,375000.0,18760.0,Petrol,Bangalore,11
552,2013,Hyundai,Hyundai i10 Era 1.1 iRDE2 [2010-2017],i10,335000.0,45654.0,Petrol,Bangalore,13
553,2017,Renault,Renault Kwid 1.0 RXT AMT Opt [2016-2019],Kwid,410000.0,13839.0,Petrol,Bangalore,9
554,2014,Renault,Renault Pulse RxZ Airbags,Pulse,435000.0,63756.0,Diesel,Bangalore,12
555,2016,Volkswagen,Volkswagen Cross Polo 1.5 TDI,Cross,685000.0,36321.0,Diesel,Bangalore,10
556,2018,Maruti Suzuki,Maruti Suzuki Baleno Zeta,Baleno,690000.0,70256.0,Petrol,Bangalore,8
557,2015,Maruti Suzuki,Maruti Suzuki Celerio ZXi AMT [2019-2020],Celerio,470000.0,35153.0,Petrol,Bangalore,11
558,2017,Tata,Tata Tiago Revotron XZ,Tiago,590000.0,8081.0,Petrol,Bangalore,9
559,2015,Maruti Suzuki,Maruti Suzuki Ciaz ZXI+,Ciaz,699000.0,74541.0,Petrol,Bangalore,11
560,2018,Maruti Suzuki,Maruti Suzuki Eeco 5 STR WITH A/C+HTR [2019-2020],Eeco,435000.0,41581.0,Petrol,Bangalore,8
561,2014,Maruti Suzuki,Maruti Suzuki Celerio VXi AMT,Celerio,400000.0,46160.0,Petrol,Bangalore,12
562,2018,Renault,Renault Kwid 1.0 RXT AMT Opt [2016-2019],Kwid,445000.0,22795.0,Petrol,Bangalore,8
563,2017,Maruti Suzuki,Maruti Suzuki Celerio VXi [2017-2019],Celerio,485000.0,20894.0,Petrol,Bangalore,9
564,2014,Hyundai,Hyundai Elite i20 Sportz 1.2 (O),Elite,599000.0,75447.0,Petrol,Bangalore,12
565,2019,Maruti Suzuki,Maruti Suzuki Alto K10 VXi,Alto,440000.00000000006,16067.0,Petrol,Bangalore,7
566,2016,Maruti Suzuki,Maruti Suzuki Swift VXi [2014-2017],Swift,560000.0,59117.0,Petrol,Bangalore,10
567,2015,Nissan,Nissan Micra Active XL,Micra,465000.00000000006,13123.0,Petrol,Bangalore,11
568,2018,Hyundai,Hyundai Grand i10 Sportz 1.2 Kappa VTVT [2016-2017],Grand,585000.0,68838.0,Petrol,Bangalore,8
569,2016,Mahindra,Mahindra KUV100 K6 D 5 STR [2016-2017],KUV100,485000.0,62006.0,Diesel,Bangalore,10
570,2018,Maruti Suzuki,Maruti Suzuki Baleno Zeta,Baleno,690000.0,70256.0,Petrol,Bangalore,8
571,2016,Hyundai,Hyundai i20 Active 1.2 SX,i20,745000.0,24301.0,Petrol,Bangalore,10
572,2017,Volkswagen,Volkswagen Polo Comfortline 1.2L (P),Polo,610000.0,44482.0,Petrol,Bangalore,9
573,2017,Volkswagen,Volkswagen Polo Comfortline 1.2L (P),Polo,610000.0,44482.0,Petrol,Bangalore,9
574,2018,Toyota,Toyota Yaris J CVT [2018-2020],Yaris,869999.9999999999,14122.0,Petrol,Bangalore,8
575,2015,Hyundai,Hyundai Elite i20 Magna 1.2,Elite,569000.0,13065.0,Petrol,Bangalore,11
576,2018,Renault,Renault Duster RXS CVT,Duster,950000.0,22581.0,Petrol,Bangalore,8
577,2015,Renault,Renault Kwid RXT [2015-2019],Kwid,340000.0,54806.0,Petrol,Bangalore,11
578,2019,Mahindra,Mahindra XUV300 1.5 W8 (O) AMT [2019-2020],XUV300,1290000.0,149313.0,Diesel,Bangalore,7
579,2018,Renault,Renault Duster RXS CVT,Duster,950000.0,22586.0,Petrol,Bangalore,8
580,2020,Renault,Renault Triber RXZ [2019-2020],Triber,745000.0,5681.0,Petrol,Bangalore,6
581,2017,Renault,Renault Duster 110 PS RxZ AWD,Duster,999000.0,57800.0,Diesel,Bangalore,9
582,2017,Renault,Renault Duster 110 PS RXZ 4X2 MT Diesel,Duster,999000.0,57800.0,Diesel,Bangalore,9
583,2014,Honda,Honda City SV,City,625000.0,55000.0,Petrol,Bangalore,12
584,2014,Honda,Honda City SV,City,625000.0,55000.0,Petrol,Bangalore,12
585,2020,MG,MG Hector Sharp 1.5 DCT Petrol [2019-2020],Hector,1890000.0,5697.0,Petrol,Bangalore,6
586,2015,Hyundai,Hyundai Elite i20 Magna 1.2,Elite,569000.0,13065.0,Petrol,Bangalore,11
587,2014,Honda,Honda City SV,City,625000.0,55000.0,Petrol,Bangalore,12
588,2018,Renault,Renault Duster RXS CVT,Duster,950000.0,22586.0,Petrol,Bangalore,8
589,2014,Toyota,Toyota Corolla Altis 1.8 VL AT,Corolla,1195000.0,37411.0,Petrol,Bangalore,12
590,2016,Hyundai,Hyundai i10 Sportz 1.1 iRDE2 [2010--2017],i10,425000.0,35406.0,Petrol,Bangalore,10
591,2017,Tata,Tata Nexon XZ Plus Diesel,Nexon,915000.0,66078.0,Diesel,Bangalore,9
592,2017,Tata,Tata Tigor Revotron XZA,Tigor,545000.0,47265.0,Petrol,Bangalore,9
593,2015,Hyundai,Hyundai Grand i10 Asta 1.2 Kappa VTVT [2013-2016],Grand,535000.0,58671.0,Petrol,Bangalore,11
594,2017,Tata,Tata Nexon XZ Plus Diesel,Nexon,915000.0,66078.0,Diesel,Bangalore,9
595,2013,Hyundai,Hyundai i20 Sportz 1.2 BS-IV,i20,460000.0,39780.0,Petrol,Bangalore,13
596,2016,Hyundai,Hyundai Elite i20 Sportz 1.2 [2016-2017],Elite,550000.0,85871.0,Petrol,Bangalore,10
597,2016,Hyundai,Hyundai Elite i20 Sportz 1.2 [2016-2017],Elite,550000.0,85871.0,Petrol,Bangalore,10
598,2014,Toyota,Toyota Corolla Altis 1.8 VL AT,Corolla,1195000.0,37411.0,Petrol,Bangalore,12
599,2016,Hyundai,Hyundai i10 Sportz 1.1 iRDE2 [2010--2017],i10,425000.0,35406.0,Petrol,Bangalore,10
600,2017,Tata,Tata Nexon XZ Plus Diesel,Nexon,915000.0,66078.0,Diesel,Bangalore,9
601,2016,Mahindra,Mahindra TUV300 T8,TUV300,745000.0,55946.0,Diesel,Bangalore,10
602,2016,Mahindra,Mahindra TUV300 T8,TUV300,745000.0,55946.0,Diesel,Bangalore,10
603,2015,Volkswagen,Volkswagen Vento TSI,Vento,725000.0,48987.0,Petrol,Bangalore,11
604,2016,Audi,Audi Q3 35 TDI Premium + Sunroof,Q3,2575000.0,40786.0,Diesel,Bangalore,10
605,2018,Volkswagen,Volkswagen Polo Comfortline 1.2L (P),Polo,725000.0,31000.0,Petrol,Bangalore,8
606,2012,Honda,Honda Brio S MT,Brio,355000.0,61409.0,Petrol,Bangalore,14
607,2013,Maruti Suzuki,Maruti Suzuki Ertiga ZDi,Ertiga,650000.0,45082.0,Diesel,Bangalore,13
608,2012,BMW,BMW X3 xDrive20d,X3,1850000.0,103000.0,Diesel,Bangalore,14
609,2015,Ford,Ford EcoSport Titanium 1.5 TDCi,EcoSport,625000.0,83378.0,Diesel,Bangalore,11
610,2019,BMW,BMW X1 sDrive20d Expedition,X1,3785000.0,17800.0,Diesel,Bangalore,7
611,2015,Hyundai,Hyundai Grand i10 Sports Edition 1.2L Kappa VTVT,Grand,489000.0,63900.0,Petrol,Bangalore,11
612,2018,Hyundai,Hyundai Grand i10 Sportz AT 1.2 Kappa VTVT,Grand,625000.0,41850.0,Petrol,Bangalore,8
613,2019,Jeep,Jeep Compass Trailhawk 2.0 4x4,Compass,2750000.0,24743.0,Diesel,Bangalore,7
614,2017,Tata,Tata Nexon XZ Plus Diesel,Nexon,915000.0,66078.0,Diesel,Bangalore,9
615,2014,Hyundai,Hyundai Grand i10 Sportz (O) AT 1.2 Kappa VTVT [2017-2018],Grand,485000.0,57362.0,Petrol,Bangalore,12
616,2010,Hyundai,Hyundai i20 Magna 1.2,i20,310000.0,64321.0,Petrol,Bangalore,16
617,2010,Hyundai,Hyundai i20 Magna 1.2,i20,310000.0,64321.0,Petrol,Bangalore,16
618,2017,Tata,Tata Tigor Revotron XZA,Tigor,545000.0,47265.0,Petrol,Bangalore,9
619,2013,Hyundai,Hyundai i20 Sportz 1.2 BS-IV,i20,460000.0,39780.0,Petrol,Bangalore,13
620,2010,Hyundai,Hyundai i20 Magna 1.2,i20,310000.0,64321.0,Petrol,Bangalore,16
621,2017,Tata,Tata Tigor Revotron XZA,Tigor,545000.0,47265.0,Petrol,Bangalore,9
622,2013,Hyundai,Hyundai i20 Sportz 1.2 BS-IV,i20,460000.0,39780.0,Petrol,Bangalore,13
623,2018,Maruti Suzuki,Maruti Suzuki Swift VXi AMT [2018-2019],Swift,745000.0,14510.0,Petrol,Bangalore,8
624,2016,Hyundai,Hyundai Elite i20 Sportz 1.2 [2016-2017],Elite,550000.0,85871.0,Petrol,Bangalore,10
625,2017,Audi,Audi Q3 35 TDI Premium + Sunroof,Q3,2685000.0,59540.0,Diesel,Bangalore,9
626,2015,Renault,Renault Lodgy 85 PS RXZ [2015-2016],Lodgy,675000.0,54174.0,Diesel,Bangalore,11
627,2015,Maruti Suzuki,Maruti Suzuki Swift VDi,Swift,675000.0,69304.0,Diesel,Bangalore,11
628,2009,Honda,Honda City 1.5 S MT,City,395000.0,47957.0,Petrol,Bangalore,17
629,2019,Honda,Honda City ZX Petrol [2019-2019],City,1125000.0,15593.0,Petrol,Bangalore,7
630,2012,Mahindra,Mahindra XUV500 W8,XUV500,745000.0,79960.0,Diesel,Bangalore,14
631,2015,Audi,Audi Q5 3.0 TDI quattro Premium Plus,Q5,3000000.0,85000.0,Diesel,Bangalore,11
632,2017,Hyundai,Hyundai i20 Active 1.2 SX,i20,700000.0,37640.0,Petrol,Bangalore,9
633,2017,Hyundai,Hyundai Elite i20 Sportz 1.2,Elite,650000.0,40977.0,Petrol,Bangalore,9
634,2018,Mercedes-Benz,Mercedes-Benz C-Class C 220 CDI Avantgarde,C-Class,3975000.0,18000.0,Diesel,Bangalore,8
635,2016,Maruti Suzuki,Maruti Suzuki Swift VDi [2014-2017],Swift,625000.0,66000.0,Diesel,Bangalore,10
636,2019,Mahindra,Mahindra Scorpio S11 2WD 7 STR,Scorpio,1500000.0,70000.0,Diesel,Bangalore,7
637,2019,MG,MG Hector Sharp 1.5 DCT Petrol [2019-2020],Hector,1795000.0,39000.0,Petrol,Bangalore,7
638,2021,MG,MG Hector Super Hybrid 1.5 Petrol [2019-2020],Hector,2100000.0,3000.0,Hybrid,Bangalore,5
639,2017,Maruti Suzuki,Maruti Suzuki Alto 800 Vxi,Alto,345000.0,42305.0,Petrol,Bangalore,9
640,2016,Hyundai,Hyundai i20 Active 1.2 SX,i20,745000.0,24301.0,Petrol,Bangalore,10
641,2018,Maruti Suzuki,Maruti Suzuki Baleno Delta 1.2,Baleno,699000.0,37422.0,Petrol,Bangalore,8
642,2015,Maruti Suzuki,Maruti Suzuki Alto 800 Lxi,Alto,325000.0,18760.0,Petrol,Bangalore,11
643,2012,Honda,Honda Jazz S,Jazz,405000.0,52616.0,Petrol,Bangalore,14
644,2016,Maruti Suzuki,Maruti Suzuki Ciaz ZXi AT,Ciaz,750000.0,45949.0,Petrol,Bangalore,10
645,2016,Chevrolet,Chevrolet Beat LS Petrol,Beat,340000.0,63708.0,Petrol,Bangalore,10
646,2013,Hyundai,Hyundai i10 Era 1.1 iRDE2 [2010-2017],i10,335000.0,45654.0,Petrol,Bangalore,13
647,2016,Maruti Suzuki,Maruti Suzuki Celerio ZXi,Celerio,475000.0,54807.0,Petrol,Bangalore,10
648,2014,Nissan,Nissan Micra XV CVT [2016-2017],Micra,475000.0,61604.0,Petrol,Bangalore,12
649,2017,Renault,Renault Kwid 1.0 RXL AMT [2017-2019],Kwid,410000.0,13839.0,Petrol,Bangalore,9
650,2019,Kia,Kia Seltos GTX Plus 1.4 [2020-2021],Seltos,1550000.0,21152.0,Petrol,Bangalore,7
651,2010,Hyundai,Hyundai i10 Magna 1.2 AT,i10,265000.0,90818.0,Petrol,Bangalore,16
652,2014,Renault,Renault Pulse RxZ Airbags,Pulse,435000.0,63756.0,Diesel,Bangalore,12
653,2016,Maruti Suzuki,Maruti Suzuki Ciaz ZXi AT,Ciaz,750000.0,45949.0,Petrol,Bangalore,10
654,2017,Ford,Ford Aspire Titanium1.5 TDCi,Aspire,675000.0,41917.0,Diesel,Bangalore,9
655,2016,Volkswagen,Volkswagen Cross Polo 1.5 TDI,Cross,685000.0,36321.0,Diesel,Bangalore,10
656,2018,Renault,Renault Kwid 1.0 RXT AMT Opt [2016-2019],Kwid,445000.0,22795.0,Petrol,Bangalore,8
657,2015,Maruti Suzuki,Maruti Suzuki Celerio ZXi AMT [2019-2020],Celerio,470000.0,35153.0,Petrol,Bangalore,11
658,2015,Maruti Suzuki,Maruti Suzuki Ciaz ZXI+,Ciaz,699000.0,74541.0,Petrol,Bangalore,11
659,2016,Hyundai,Hyundai Grand i10 Asta AT 1.2 Kappa VTVT [2013-2016],Grand,575000.0,40198.0,Petrol,Bangalore,10
660,2013,Hyundai,Hyundai Eon D-Lite,Eon,290000.0,35421.0,Petrol,Bangalore,13
661,2016,Honda,Honda Jazz S MT [2015-2016],Jazz,580000.0,44814.0,Petrol,Bangalore,10
662,2016,Hyundai,Hyundai Fluidic Verna 4S 1.6 VTVT S,Fluidic,699000.0,42811.0,Petrol,Bangalore,10
663,2016,Maruti Suzuki,Maruti Suzuki Baleno Zeta 1.3,Baleno,699000.0,30264.0,Diesel,Bangalore,10
664,2017,Tata,Tata Tiago Revotron XZ,Tiago,590000.0,8081.0,Petrol,Bangalore,9
665,2017,Maruti Suzuki,Maruti Suzuki Baleno Zeta 1.2 AT,Baleno,785000.0,39640.0,Petrol,Bangalore,9
666,2016,Volkswagen,Volkswagen Ameo Comfortline 1.2L (P),Ameo,590000.0,18807.0,Petrol,Bangalore,10
667,2016,Hyundai,Hyundai Xcent SX 1.2 (O),Xcent,585000.0,21992.0,Petrol,Bangalore,10
668,2017,Ford,Ford EcoSport Trend + 1.5L TDCi,EcoSport,785000.0,53368.0,Diesel,Bangalore,9
669,2018,Hyundai,Hyundai Elite i20 Magna Executive 1.2,Elite,660000.0,28131.0,Petrol,Bangalore,8
670,2016,Tata,Tata Tiago Revotron XZ,Tiago,515000.00000000006,54863.0,Petrol,Bangalore,10
671,2019,Skoda,Skoda Rapid Monte Carlo 1.5 TDI AT,Rapid,1290000.0,27952.0,Diesel,Bangalore,7
672,2015,Hyundai,Hyundai Elite i20 Magna 1.2,Elite,569000.0,13065.0,Petrol,Bangalore,11
673,2015,Renault,Renault Kwid RXT [2015-2019],Kwid,340000.0,54806.0,Petrol,Bangalore,11
674,2016,Honda,Honda Jazz S MT [2015-2016],Jazz,580000.0,44814.0,Petrol,Bangalore,10
675,2018,Honda,Honda City V,City,925000.0,60596.0,Petrol,Bangalore,8
676,2018,Skoda,Skoda Rapid Style 1.6 MPI AT,Rapid,1195000.0,22800.0,Petrol,Bangalore,8
677,2018,Hyundai,Hyundai Creta SX 1.6 Petrol,Creta,1285000.0,10100.0,Petrol,Bangalore,8
678,2018,Maruti Suzuki,Maruti Suzuki Baleno Zeta 1.2 AT,Baleno,690000.0,70256.0,Petrol,Bangalore,8
679,2018,Maruti Suzuki,Maruti Suzuki Eeco 5 STR WITH A/C+HTR [2019-2020],Eeco,435000.0,41581.0,Petrol,Bangalore,8
680,2013,Toyota,Toyota Innova 2.5 E 8 STR,Innova,1115000.0,81844.0,Diesel,Bangalore,13
681,2020,Renault,Renault Triber RXZ [2019-2020],Triber,745000.0,5681.0,Petrol,Bangalore,6
682,2018,Hyundai,Hyundai Santro Sportz AMT [2018-2020],Santro,575000.0,14800.0,Petrol,Bangalore,8
683,2016,Hyundai,Hyundai Grand i10 Asta AT 1.2 Kappa VTVT (O) [2016-2017],Grand,575000.0,40198.0,Petrol,Bangalore,10
684,2015,Maruti Suzuki,Maruti Suzuki Ciaz ZXI+,Ciaz,699000.0,74541.0,Petrol,Bangalore,11
685,2017,Tata,Tata Tiago Revotron XZ,Tiago,590000.0,8081.0,Petrol,Bangalore,9
686,2014,Hyundai,Hyundai Elite i20 Sportz 1.2 (O),Elite,599000.0,75447.0,Petrol,Bangalore,12
687,2016,Hyundai,Hyundai i10 1.1L iRDE Magna Special Edition,i10,425000.0,35043.0,Petrol,Bangalore,10
688,2017,Maruti Suzuki,Maruti Suzuki Ciaz Alpha 1.4 AT,Ciaz,835000.0,18325.0,Petrol,Bangalore,9
689,2016,Hyundai,Hyundai Xcent S AT 1.2,Xcent,585000.0,38473.0,Petrol,Bangalore,10
690,2016,Tata,Tata Tiago Revotron XZ,Tiago,515000.00000000006,54863.0,Petrol,Bangalore,10
691,2018,Honda,Honda Amaze 1.2 V MT Petrol [2018-2020],Amaze,695000.0,16950.0,Petrol,Bangalore,8
692,2019,Hyundai,Hyundai Venue S 1.2 Petrol [2019-2020],Venue,815000.0,29350.0,Petrol,Bangalore,7
693,2019,Hyundai,Hyundai Venue S 1.2 Petrol [2019-2020],Venue,815000.0,29350.0,Petrol,Bangalore,7
694,2018,Honda,Honda Amaze 1.2 V MT Petrol [2018-2020],Amaze,695000.0,16950.0,Petrol,Bangalore,8
695,2018,Maruti Suzuki,Maruti Suzuki Vitara Brezza VDi (O) [2016-2018],Vitara,860000.0,58790.0,Diesel,Bangalore,8
696,2017,Maruti Suzuki,Maruti Suzuki Ciaz Alpha 1.4 AT,Ciaz,835000.0,18325.0,Petrol,Bangalore,9
697,2018,Maruti Suzuki,Maruti Suzuki Eeco 5 STR WITH A/C+HTR [2019-2020],Eeco,435000.0,41581.0,Petrol,Bangalore,8
698,2018,Maruti Suzuki,Maruti Suzuki Baleno Zeta 1.2 AT,Baleno,690000.0,70256.0,Petrol,Bangalore,8
699,2019,Skoda,Skoda Rapid Monte Carlo 1.5 TDI AT,Rapid,1290000.0,27952.0,Diesel,Bangalore,7
700,2018,Audi,Audi A3 35 TDI Premium + Sunroof,A3,2775000.0,43000.0,Diesel,Bangalore,8
701,2018,Honda,Honda Jazz VX Petrol,Jazz,800000.0,9131.0,Petrol,Bangalore,8
702,2017,Renault,Renault Duster 110 PS RxZ AWD,Duster,999000.0,57800.0,Diesel,Bangalore,9
703,2015,Renault,Renault Kwid RXT [2015-2019],Kwid,340000.0,54806.0,Petrol,Bangalore,11
704,2019,Ford,Ford Freestyle Titanium Plus 1.2 Ti-VCT [2018-2020],Freestyle,740000.0,2750.0,Petrol,Bangalore,7
705,2017,Hyundai,Hyundai Verna 1.6 VTVT SX,Verna,925000.0,38000.0,Petrol,Bangalore,9
706,2008,Maruti Suzuki,Maruti Suzuki Swift VXi,Swift,340000.0,60000.0,Petrol,Bangalore,18
707,2016,Hyundai,Hyundai Verna 1.6 VTVT SX,Verna,725000.0,52000.0,Petrol,Bangalore,10
708,2010,Skoda,Skoda Superb Elegance TSI AT,Superb,675000.0,61000.0,Petrol,Bangalore,16
709,2005,Toyota,Toyota Innova 2.5 G4 8 STR,Innova,550000.0,202000.0,Diesel,Bangalore,21
710,2005,Mercedes-Benz,Mercedes-Benz C-Class 220 CDI AT,C-Class,750000.0,87000.0,Diesel,Bangalore,21
711,2019,Jaguar,Jaguar XE Portfolio Diesel,XE,4200000.0,14000.0,Diesel,Bangalore,7
712,2014,Mercedes-Benz,Mercedes-Benz E-Class E250 CDI Avantgarde,E-Class,2650000.0,48000.0,Diesel,Bangalore,12
713,2008,Toyota,Toyota Innova 2.5 V 7 STR,Innova,690000.0,107000.0,Diesel,Bangalore,18
714,2018,Maruti Suzuki,Maruti Suzuki Celerio ZXi [2017-2019],Celerio,550000.0,16000.0,Petrol,Bangalore,8
715,2016,Mercedes-Benz,Mercedes-Benz GLE 250 d,GLE,4500000.0,70000.0,Diesel,Bangalore,10
716,2012,Land Rover,Land Rover Range Rover 4.4 SDV8 Vogue SE,4.4,4000000.0,160000.0,Diesel,Bangalore,14
717,2019,Mercedes-Benz,Mercedes-Benz GLC 220d 4MATIC Progressive [2019-2021],GLC,4500000.0,78000.0,Diesel,Bangalore,7
718,2018,Jaguar,Jaguar XF Portfolio Diesel,XF,4200000.0,20000.0,Diesel,Bangalore,8
719,2016,Maruti Suzuki,Maruti Suzuki Wagon R 1.0 VXI AMT,Wagon,450000.0,30000.0,Petrol,Bangalore,10
720,2019,Mahindra,Mahindra XUV500 W11,XUV500,1800000.0,30000.0,Diesel,Bangalore,7
721,2020,BMW,BMW X1 sDrive20d xLine,X1,3975000.0,6000.0,Diesel,Bangalore,6
722,2016,Mercedes-Benz,Mercedes-Benz C-Class C 220 CDI Avantgarde,C-Class,2800000.0,60000.0,Diesel,Bangalore,10
723,2017,Mercedes-Benz,Mercedes-Benz GLE 250 d,GLE,4500000.0,50000.0,Diesel,Bangalore,9
724,2016,Volkswagen,Volkswagen Polo GT TSI,Polo,795000.0,63000.0,Petrol,Bangalore,10
725,2017,Hyundai,Hyundai Creta 1.6 S Plus AT,Creta,1300000.0,41000.0,Diesel,Bangalore,9
726,2017,Audi,Audi Q3 30 TDI S,Q3,2850000.0,49000.0,Diesel,Bangalore,9
727,2018,Hyundai,Hyundai Creta SX 1.6 (O) Petrol,Creta,1435000.0,33000.0,Petrol,Bangalore,8
728,2013,Maruti Suzuki,Maruti Suzuki Ertiga ZDi,Ertiga,650000.0,56000.0,Diesel,Bangalore,13
729,2016,Skoda,Skoda Octavia 2.0 TDI CR Ambition Plus AT,Octavia,1400000.0,64382.0,Diesel,Bangalore,10
730,2015,Toyota,Toyota Innova 2.5 VX 8 STR BS-IV,Innova,1325000.0,121434.0,Diesel,Bangalore,11
731,2020,Maruti Suzuki,Maruti Suzuki XL6 Alpha AT Petrol,XL6,1150000.0,14448.0,Petrol,Bangalore,6
732,2018,Honda,Honda City S Diesel,City,880000.0000000001,33990.0,Diesel,Bangalore,8
733,2018,Tata,Tata Nexon XM,Nexon,825000.0,12200.0,Petrol,Bangalore,8
734,2012,Maruti Suzuki,Maruti Suzuki Ritz Vdi BS-IV,Ritz,429000.0,83522.0,Diesel,Bangalore,14
735,2018,Hyundai,Hyundai Elite i20 Magna Executive 1.2,Elite,660000.0,28131.0,Petrol,Bangalore,8
736,2020,Toyota,Toyota Fortuner 2.8 4x4 AT [2016-2020],Fortuner,4100000.0,10906.0,Diesel,Bangalore,6
737,2011,Maruti Suzuki,Maruti Suzuki Ritz Zxi BS-IV,Ritz,385000.0,55705.0,Petrol,Bangalore,15
738,2018,Renault,Renault Kwid 1.0 RXT AMT Opt [2016-2019],Kwid,415000.00000000006,14981.0,Petrol,Bangalore,8
739,2017,Maruti Suzuki,Maruti Suzuki Wagon R 1.0 VXI,Wagon,475000.0,32279.0,Petrol,Bangalore,9
740,2016,Maruti Suzuki,Maruti Suzuki Baleno Zeta 1.3,Baleno,680000.0,93525.0,Diesel,Hyderabad,10
741,2017,Maruti Suzuki,Maruti Suzuki Wagon R 1.0 VXI AMT,Wagon,520000.0,40904.0,Petrol,Hyderabad,9
742,2004,Toyota,Toyota Qualis GS G1,Qualis,240000.0,209616.0,Diesel,Hyderabad,22
743,2014,Maruti Suzuki,Maruti Suzuki Ertiga ZDi,Ertiga,735000.0,43294.0,Diesel,Hyderabad,12
744,2013,Mercedes-Benz,Mercedes-Benz E-Class E250 CDI Avantgarde,E-Class,1850000.0,89000.0,Diesel,Hyderabad,13
745,2019,Ford,Ford EcoSport Titanium 1.5L TDCi,EcoSport,1050000.0,15250.0,Diesel,Hyderabad,7
746,2019,Jaguar,Jaguar F-Pace Prestige,F-Pace,5900000.0,20763.0,Diesel,Hyderabad,7
747,2016,Hyundai,Hyundai Xcent S 1.1 CRDi,Xcent,430000.0,127000.0,Diesel,Hyderabad,10
748,2017,Maruti Suzuki,Maruti Suzuki S-Cross Alpha 1.6,S-Cross,930000.0,36057.0,Diesel,Hyderabad,9
749,2015,Hyundai,Hyundai Creta 1.6 SX Plus AT,Creta,1345000.0,88630.0,Diesel,Hyderabad,11
750,2016,Skoda,Skoda Rapid 1.5 TDI CR Style Plus AT,Rapid,950000.0,42282.0,Diesel,Hyderabad,10
751,2018,Maruti Suzuki,Maruti Suzuki Ciaz Zeta 1.4 AT,Ciaz,980000.0,18178.0,Petrol,Hyderabad,8
752,2014,Maruti Suzuki,Maruti Suzuki Swift VDi,Swift,560000.0,32525.0,Diesel,Hyderabad,12
753,2016,Mahindra,Mahindra XUV500 W8 [2015-2017],XUV500,1200000.0,75441.0,Diesel,Hyderabad,10
754,2018,Mahindra,Mahindra XUV500 W11,XUV500,1550000.0,34444.0,Diesel,Hyderabad,8
755,2021,Volkswagen,Volkswagen Polo GT TSI,Polo,1050000.0,8862.0,Petrol,Hyderabad,5
756,2013,Chevrolet,Chevrolet Enjoy 1.3 LS 7 STR,Enjoy,485000.0,83575.0,Diesel,Hyderabad,13
757,2016,Hyundai,Hyundai i20 Active 1.4L SX (O) [2015-2016],i20,685000.0,68479.0,Diesel,Hyderabad,10
758,2018,Mahindra,Mahindra XUV500 W10,XUV500,1400000.0,88666.0,Diesel,Hyderabad,8
759,2012,Hyundai,Hyundai i20 Magna 1.4 CRDI,i20,390000.0,80809.0,Diesel,Hyderabad,14
760,2017,Mahindra,Mahindra Verito 1.5 D4 BS-IV,Verito,450000.0,67475.0,Diesel,Hyderabad,9
761,2015,Ford,Ford EcoSport Titanium+ 1.5L TDCi Black Edition,EcoSport,700000.0,74595.0,Diesel,Hyderabad,11
762,2014,Hyundai,Hyundai Verna Fluidic 1.6 CRDi SX Opt AT,Verna,725000.0,72230.0,Diesel,Hyderabad,12
763,2016,Renault,Renault Duster 110 PS RXZ 4X2 AMT Diesel,Duster,785000.0,112038.0,Diesel,Hyderabad,10
764,2010,Honda,Honda CR-V 2.4 AT,CR-V,650000.0,116594.0,Petrol,Hyderabad,16
765,2020,MG,MG Hector Plus Sharp 1.5 DCT Petrol,Hector,2100000.0,16023.0,Petrol,Hyderabad,6
766,2020,Kia,Kia Seltos GTX Plus AT 1.5 Diesel [2019-2020],Seltos,1850000.0,57786.0,Diesel,Hyderabad,6
767,2017,Volkswagen,Volkswagen Ameo Comfortline 1.2L (P),Ameo,575000.0,30000.0,Petrol,Hyderabad,9
768,2021,Maruti Suzuki,Maruti Suzuki Vitara Brezza VXi,Vitara,1000000.0,5700.0,Petrol,Hyderabad,5
769,2017,Mahindra,Mahindra XUV500 W6,XUV500,1500000.0,40000.0,Diesel,Hyderabad,9
770,2013,Toyota,Toyota Corolla Altis G Diesel,Corolla,755000.0,78507.0,Diesel,Hyderabad,13
771,2012,Maruti Suzuki,Maruti Suzuki Swift DZire VXI,Swift,490000.00000000006,31757.0,Petrol,Hyderabad,14
772,2010,BMW,BMW 5 Series 520d Sedan,5,1400000.0,89602.0,Diesel,Hyderabad,16
773,2008,Mercedes-Benz,Mercedes-Benz S-Class 350,S-Class,1500000.0,38530.0,Petrol,Hyderabad,18
774,2009,Mercedes-Benz,Mercedes-Benz E-Class 220 CDI AT,E-Class,925000.0,47000.0,Diesel,Hyderabad,17
775,2012,Toyota,Toyota Etios VX-D,Etios,400000.0,88000.0,Diesel,Hyderabad,14
776,2016,Maruti Suzuki,Maruti Suzuki Baleno Zeta 1.3,Baleno,680000.0,93525.0,Diesel,Hyderabad,10
777,2011,Hyundai,Hyundai Verna Fluidic 1.6 CRDi,Verna,550000.0,75375.0,Diesel,Hyderabad,15
778,2009,Honda,Honda City 1.5 S MT,City,365000.0,68384.0,Petrol,Hyderabad,17
779,2019,Maruti Suzuki,Maruti Suzuki Vitara Brezza ZDi,Vitara,1025000.0,71750.0,Diesel,Hyderabad,7
780,2013,Ford,Ford EcoSport Titanium 1.5 TDCi,EcoSport,560000.0,73149.0,Diesel,Hyderabad,13
781,2011,Hyundai,Hyundai Verna Fluidic 1.4 VTVT,Verna,435000.0,67528.0,Petrol,Hyderabad,15
782,2016,Honda,Honda City VX (O) MT Diesel,City,785000.0,64554.0,Diesel,Hyderabad,10
783,2014,BMW,BMW 3 Series GT 320d Luxury Line [2014-2016],3,2400000.0,67000.0,Diesel,Hyderabad,12
784,2015,Honda,Honda Jazz V Petrol,Jazz,540000.0,33400.0,Petrol,Hyderabad,11
785,2019,Jaguar,Jaguar F-Pace Prestige,F-Pace,5900000.0,20763.0,Diesel,Hyderabad,7
786,2018,Volvo,Volvo S60 Kinetic D4,S60,2800000.0,35000.0,Diesel,Hyderabad,8
787,2016,Volvo,Volvo XC90 D5 AWD,XC90,4700000.0,72000.0,Diesel,Hyderabad,10
788,2014,Volvo,Volvo S60 Summum D5,S60,2400000.0,125000.0,Diesel,Hyderabad,12
789,2008,Porsche,Porsche Cayenne S V8 Tiptronic,Cayenne,1600000.0,102000.0,Petrol,Hyderabad,18
790,2010,Porsche,Porsche Cayenne S,Cayenne,3500000.0,73000.0,Petrol,Hyderabad,16
791,2009,Mercedes-Benz,Mercedes-Benz E-Class E220 CDI Blue Efficiency,E-Class,1300000.0,82000.0,Diesel,Hyderabad,17
792,2013,Mercedes-Benz,Mercedes-Benz E-Class E220 CDI Blue Efficiency,E-Class,1900000.0,45000.0,Diesel,Hyderabad,13
793,2017,Jeep,Jeep Compass Limited (O) 1.4 Petrol AT [2017-2020],Compass,1650000.0,30000.0,Petrol,Hyderabad,9
794,2017,Mercedes-Benz,Mercedes-Benz E-Class E 350 d Exclusive [2017-2019],E-Class,4800000.0,51000.0,Diesel,Hyderabad,9
795,2012,Mercedes-Benz,Mercedes-Benz M-Class 350 CDI,M-Class,2900000.0,83000.0,Diesel,Hyderabad,14
796,2016,Mercedes-Benz,Mercedes-Benz GLE 250 d,GLE,4200000.0,72000.0,Diesel,Hyderabad,10
797,2016,Land Rover,Land Rover Discovery Sport HSE,Discovery,3900000.0,66000.0,Diesel,Hyderabad,10
798,2017,Toyota,Toyota Innova Crysta 2.4 G 7 STR [2016-2017],Innova,1700000.0,129000.0,Diesel,Hyderabad,9
799,2013,MINI,MINI Cooper 1.6,Cooper,1900000.0,38000.0,Petrol,Hyderabad,13
800,2006,BMW,BMW X5 SAV 4.4i,X5,900000.0,131000.0,Petrol,Hyderabad,20
801,2018,BMW,BMW 5 Series 520d M Sport,5,5400000.0,51000.0,Diesel,Hyderabad,8
802,2009,BMW,BMW 5 Series 520d Sedan,5,850000.0,88000.0,Diesel,Hyderabad,17
803,2019,BMW,BMW 6 Series GT 630d M Sport [2018-2019],6,6500000.0,54000.0,Diesel,Hyderabad,7
804,2015,BMW,BMW 3 Series 320d Luxury Line,3,2400000.0,46000.0,Diesel,Hyderabad,11
805,2012,Mercedes-Benz,Mercedes-Benz S-Class 350 CDI L,S-Class,3600000.0,63000.0,Diesel,Hyderabad,14
806,2015,Mercedes-Benz,Mercedes-Benz G-Class G 63 AMG,G-Class,14000000.0,23000.0,Petrol,Hyderabad,11
807,2018,Mercedes-Benz,Mercedes-Benz GLE Coupe 43 4MATIC [2017-2019],GLE,8500000.0,26000.0,Petrol,Hyderabad,8
808,2012,BMW,BMW 5 Series 520d Sedan,5,1600000.0,101000.0,Diesel,Hyderabad,14
809,2011,Mercedes-Benz,Mercedes-Benz C-Class C 250 CDI BlueEFFICIENCY,C-Class,1500000.0,85000.0,Diesel,Hyderabad,15
810,2018,Isuzu,Isuzu MU-X 4x4,MU-X,3000000.0,6500.0,Diesel,Hyderabad,8
811,2019,Volkswagen,Volkswagen Tiguan - 2020 Highline TDI,Tiguan,2900000.0,30000.0,Diesel,Hyderabad,7
812,2015,Skoda,Skoda Rapid 1.5 TDI CR Ambition with Alloy Wheels,Rapid,620000.0,45000.0,Diesel,Hyderabad,11
813,2017,Audi,Audi Q7 45 TDI Technology Pack,Q7,6700000.0,37914.0,Diesel,Hyderabad,9
814,2008,Mercedes-Benz,Mercedes-Benz M-Class 320 CDI,M-Class,1100000.0,73451.0,Diesel,Hyderabad,18
815,2016,Honda,Honda City SV,City,780000.0,35000.0,Petrol,Hyderabad,10
816,2020,Kia,Kia Sonet GTX Plus 1.5 [2020-2021],Sonet,1400000.0,19486.0,Diesel,Hyderabad,6
817,2016,Volkswagen,Volkswagen Polo Highline1.2L (P),Polo,630000.0,64654.0,Petrol,Hyderabad,10
818,2011,Honda,Honda City 1.5 V AT,City,575000.0,51000.0,Petrol,Hyderabad,15
819,2019,Toyota,Toyota Innova Crysta 2.4 ZX 7 STR [2016-2020],Innova,2330000.0,43000.0,Diesel,Hyderabad,7
820,2018,Mercedes-Benz,Mercedes-Benz CLA 200 D Urban Sport,CLA,3400000.0,23107.0,Diesel,Hyderabad,8
821,2011,Bentley,Bentley Continental Flying Spur W12,Continental,9500000.0,45000.0,Petrol,Hyderabad,15
822,2013,Land Rover,Land Rover Range Rover Evoque Dynamic SD4,Evoque,2600000.0,68000.0,Diesel,Hyderabad,13
823,2010,Maruti Suzuki,Maruti Suzuki Swift ZXi 1.2 BS-IV,Swift,365000.0,44900.0,Petrol,Hyderabad,16
824,2016,Maruti Suzuki,Maruti Suzuki Swift VDi [2014-2017],Swift,585000.0,68342.0,Diesel,Hyderabad,10
825,2016,Datsun,Datsun GO T,GO,360000.0,28000.0,Petrol,Hyderabad,10
826,2015,Volkswagen,Volkswagen Polo GT TSI,Polo,625000.0,65000.0,Petrol,Hyderabad,11
827,2019,Toyota,Toyota Innova Crysta 2.4 VX 7 STR [2016-2020],Innova,2100000.0,53000.0,Diesel,Hyderabad,7
828,2019,Skoda,Skoda Rapid Monte Carlo 1.6 MPI AT,Rapid,1135000.0,29867.0,Petrol,Hyderabad,7
829,2019,Honda,Honda BR-V VX Diesel,BR-V,1075000.0,55000.0,Diesel,Hyderabad,7
830,2011,Maruti Suzuki,Maruti Suzuki A-Star Vxi,A-Star,275000.0,71000.0,Petrol,Hyderabad,15
831,2018,Mahindra,Mahindra XUV500 W7 [2018-2020],XUV500,1230000.0,72000.0,Diesel,Hyderabad,8
832,2012,Volkswagen,Volkswagen Jetta Highline TDI,Jetta,600000.0,110000.0,Diesel,Hyderabad,14
833,2014,Maruti Suzuki,Maruti Suzuki Celerio VXi AMT,Celerio,375000.0,24500.0,Petrol,Hyderabad,12
834,2011,Hyundai,Hyundai i10 Magna 1.2 Kappa2,i10,350000.0,55289.0,Petrol,Hyderabad,15
835,2016,Maruti Suzuki,Maruti Suzuki Ertiga VDI SHVS,Ertiga,785000.0,84640.0,Diesel,Hyderabad,10
836,2014,BMW,BMW 3 Series 320d Luxury Line,3,2000000.0,31000.0,Diesel,Hyderabad,12
837,2008,Audi,Audi Q7 3.0 TDI quattro,Q7,1800000.0,70000.0,Diesel,Hyderabad,18
838,2018,Jaguar,Jaguar XJ L 3.0 Portfolio,XJ,7500000.0,22000.0,Diesel,Hyderabad,8
839,2014,Audi,Audi A6 2.0 TDI Premium Plus,A6,2550000.0,33024.0,Diesel,Hyderabad,12
840,2019,Volvo,Volvo S90 Inscription D4 [2016-2020],S90,4850000.0,36000.0,Diesel,Hyderabad,7
841,2013,Volkswagen,Volkswagen Polo Highline1.2L (D),Polo,430000.0,72995.0,Diesel,Hyderabad,13
842,2013,Land Rover,Land Rover Range Rover Evoque Dynamic SD4,Evoque,2600000.0,68000.0,Diesel,Hyderabad,13
843,2020,Kia,Kia Seltos HTK Plus AT 1.5 Diesel [2020-2021],Seltos,1599000.0,4100.0,Diesel,Hyderabad,6
844,2013,Toyota,Toyota Fortuner 3.0 4x2 MT,Fortuner,1399000.0,166000.0,Diesel,Hyderabad,13
845,2018,Maruti Suzuki,Maruti Suzuki Dzire VXi AMT,Dzire,725000.0,61000.0,Petrol,Hyderabad,8
846,2017,Honda,Honda City ZX CVT Petrol [2017-2019],City,1095000.0,20111.0,Petrol,Hyderabad,9
847,2017,Toyota,Toyota Innova Crysta 2.4 VX 7 STR [2016-2020],Innova,1875000.0,94000.0,Diesel,Hyderabad,9
848,2018,Toyota,Toyota Innova Crysta 2.8 GX AT 8 STR [2016-2020],Innova,1645000.0,78263.0,Diesel,Hyderabad,8
849,2013,Mahindra,Mahindra Thar DI 4WD PS BS III,Thar,585000.0,60628.0,Diesel,Hyderabad,13
850,2018,Volvo,Volvo XC90 D5 AWD,XC90,6850000.0,39000.0,Diesel,Hyderabad,8
851,2017,Hyundai,Hyundai Creta 1.6 SX Plus AT Petrol,Creta,1245000.0,24250.0,Petrol,Hyderabad,9
852,2012,Toyota,Toyota Innova 2.5 G4 8 STR,Innova,800000.0,69000.0,Diesel,Hyderabad,14
853,2011,Mercedes-Benz,Mercedes-Benz E-Class E250 Elegance,E-Class,1100000.0,68000.0,Petrol,Hyderabad,15
854,2017,Toyota,Toyota Innova Crysta 2.4 VX 8 STR [2016-2020],Innova,1895000.0,34000.0,Diesel,Hyderabad,9
855,2015,Volkswagen,Volkswagen Polo Comfortline 1.5L (D),Polo,550000.0,103000.0,Diesel,Hyderabad,11
856,2012,Toyota,Toyota Innova 2.5 E 8 STR,Innova,825000.0,135000.0,Diesel,Hyderabad,14
857,2015,Hyundai,Hyundai i20 Active 1.2 SX,i20,670000.0,29000.0,Petrol,Hyderabad,11
858,2018,Hyundai,Hyundai Verna SX (O) 1.6 CRDi AT,Verna,1150000.0,41000.0,Diesel,Hyderabad,8
859,2019,Maruti Suzuki,Maruti Suzuki Ertiga ZDi Plus 1.5 Diesel,Ertiga,1220000.0,63000.0,Diesel,Hyderabad,7
860,2008,Maruti Suzuki,Maruti Suzuki A-Star Vxi,A-Star,250000.0,75000.0,Petrol,Hyderabad,18
861,2014,Maruti Suzuki,Maruti Suzuki Ertiga VDi,Ertiga,690000.0,126000.0,Diesel,Hyderabad,12
862,2011,Toyota,Toyota Fortuner 3.0 MT,Fortuner,1175000.0,85000.0,Diesel,Hyderabad,15
863,2011,Hyundai,Hyundai i10 Magna 1.2 Kappa2,i10,325000.0,75000.0,Petrol,Hyderabad,15
864,2016,Volkswagen,Volkswagen Vento Highline Petrol,Vento,690000.0,70844.0,Petrol,Hyderabad,10
865,2009,Maruti Suzuki,Maruti Suzuki Swift VDi,Swift,350000.0,135934.0,Diesel,Hyderabad,17
866,2020,Hyundai,Hyundai Elite i20 Magna 1.2 [2016-2017],Elite,750000.0,11500.0,Petrol,Hyderabad,6
867,2011,Hyundai,Hyundai Santro Xing GLS,Santro,255000.0,61786.0,Petrol,Hyderabad,15
868,2009,Skoda,Skoda Superb Elegance 1.8 TSI AT,Superb,345000.0,95000.0,Petrol,Hyderabad,17
869,2008,Hyundai,Hyundai Verna Xi,Verna,295000.0,82000.0,Petrol,Hyderabad,18
870,2014,Honda,Honda City SV Diesel,City,575000.0,85000.0,Diesel,Hyderabad,12
871,2018,Mahindra,Mahindra XUV500 W7 [2018-2020],XUV500,1250000.0,75000.0,Diesel,Hyderabad,8
872,2012,Hyundai,Hyundai Verna Fluidic 1.6 CRDi SX,Verna,535000.0,98000.0,Diesel,Hyderabad,14
873,2014,Maruti Suzuki,Maruti Suzuki Wagon R 1.0 LXI,Wagon,365000.0,45000.0,Petrol,Hyderabad,12
874,2011,Maruti Suzuki,Maruti Suzuki Alto K10 LXi,Alto,215000.0,82000.0,Petrol,Hyderabad,15
875,2017,Maruti Suzuki,Maruti Suzuki Swift VXi,Swift,585000.0,49000.0,Petrol,Hyderabad,9
876,2011,Maruti Suzuki,Maruti Suzuki Ritz Ldi BS-IV,Ritz,340000.0,72000.0,Diesel,Hyderabad,15
877,2004,Toyota,Toyota Qualis GS G1,Qualis,240000.0,209616.0,Diesel,Hyderabad,22
878,2008,Maruti Suzuki,Maruti Suzuki Swift VDi,Swift,250000.0,120424.0,Diesel,Hyderabad,18
879,2016,Hyundai,Hyundai Creta 1.6 SX Plus Petrol,Creta,1030000.0,65650.0,Petrol,Hyderabad,10
880,2017,Hyundai,Hyundai Tucson GLS 2WD AT Petrol,Tucson,1530000.0,80000.0,Petrol,Hyderabad,9
881,2016,Toyota,Toyota Etios GD,Etios,670000.0,81000.0,Diesel,Hyderabad,10
882,2013,Volkswagen,Volkswagen Vento Comfortline Diesel,Vento,445000.0,77000.0,Diesel,Hyderabad,13
883,2015,Audi,Audi Q5 3.0 TDI quattro Premium Plus,Q5,2850000.0,550000.0,Diesel,Hyderabad,11
884,2014,Maruti Suzuki,Maruti Suzuki Ertiga VDi,Ertiga,725000.0,126000.0,Diesel,Hyderabad,12
885,2012,Mahindra,Mahindra XUV500 W8,XUV500,625000.0,122833.0,Diesel,Hyderabad,14
886,2016,Jaguar,Jaguar XJ L 3.0 Portfolio,XJ,6850000.0,46000.0,Diesel,Hyderabad,10
887,2018,Ford,Ford Endeavour Titanium 3.2 4x4 AT,Endeavour,2950000.0,86000.0,Diesel,Hyderabad,8
888,2018,Maruti Suzuki,Maruti Suzuki Vitara Brezza ZDi,Vitara,930000.0,98000.0,Diesel,Hyderabad,8
889,2010,Hyundai,Hyundai Verna CRDI VGT SX 1.5,Verna,380000.0,86000.0,Diesel,Hyderabad,16
890,2011,Toyota,Toyota Fortuner 3.0 MT,Fortuner,1250000.0,136000.0,Diesel,Hyderabad,15
891,2016,Toyota,Toyota Innova Crysta 2.8 ZX AT 7 STR [2016-2020],Innova,1925000.0,87000.0,Diesel,Hyderabad,10
892,2016,Hyundai,Hyundai Elite i20 Asta 1.2 [2016-2017],Elite,650000.0,24000.0,Petrol,Hyderabad,10
893,2014,Hyundai,Hyundai Xcent S 1.1 CRDi Special Edition,Xcent,450000.0,57000.0,Diesel,Hyderabad,12
894,2021,Mahindra,Mahindra Thar LX 4-STR Hard Top Petrol AT,Thar,2300000.0,6000.0,Petrol,Hyderabad,5
895,2011,Volkswagen,Volkswagen Vento Trendline Diesel,Vento,365000.0,96000.0,Diesel,Hyderabad,15
896,2017,Mercedes-Benz,Mercedes-Benz GLC 220 d Sport,GLC,4300000.0,57000.0,Diesel,Hyderabad,9
897,2016,Mercedes-Benz,Mercedes-Benz GLA 200 CDI Sport,GLA,2199000.0,60000.0,Diesel,Hyderabad,10
898,2015,Audi,Audi Q3 35 TDI Premium + Sunroof,Q3,2100000.0,67700.0,Diesel,Hyderabad,11
899,2018,Toyota,Toyota Innova Crysta 2.8 ZX AT 7 STR [2016-2020],Innova,2450000.0,52000.0,Diesel,Hyderabad,8
900,2020,Kia,Kia Seltos GTX Plus AT 1.4 [2019-2020],Seltos,1900000.0,31000.0,Petrol,Hyderabad,6
901,2018,Honda,Honda Amaze 1.2 VX i-VTEC,Amaze,819999.9999999999,17774.0,Petrol,Hyderabad,8
902,2014,Maruti Suzuki,Maruti Suzuki Alto 800 Lxi,Alto,315000.0,21000.0,Petrol,Hyderabad,12
903,2015,Hyundai,Hyundai Elite i20 Asta 1.2,Elite,630000.0,70000.0,Petrol,Hyderabad,11
904,2013,Honda,Honda Amaze 1.2 S i-VTEC,Amaze,450000.0,46888.0,Petrol,Hyderabad,13
905,2012,Tata,Tata Indica Vista LX TDI BS-III,Indica,255000.0,75000.0,Diesel,Hyderabad,14
906,2012,Renault,Renault Duster 85 PS RxL Diesel,Duster,430000.0,77000.0,Diesel,Hyderabad,14
907,2017,Maruti Suzuki,Maruti Suzuki Vitara Brezza ZDi Plus,Vitara,990000.0,105000.0,Diesel,Hyderabad,9
908,2018,Maruti Suzuki,Maruti Suzuki Swift VXi [2014-2017],Swift,660000.0,33000.0,Petrol,Hyderabad,8
909,2020,Mahindra,Mahindra Scorpio S7 140 2WD 7 STR,Scorpio,1689999.9999999998,3700.0,Diesel,Hyderabad,6
910,2009,Maruti Suzuki,Maruti Suzuki Swift VDi,Swift,345000.0,92000.0,Diesel,Hyderabad,17
911,2009,Maruti Suzuki,Maruti Suzuki Swift LXi,Swift,325000.0,81000.0,Petrol,Hyderabad,17
912,2010,Mahindra,Mahindra Scorpio SLE BS-III,Scorpio,600000.0,82000.0,Diesel,Hyderabad,16
913,2017,Audi,Audi Q3 30 TDI Premium FWD,Q3,2400000.0,100568.0,Diesel,Hyderabad,9
914,2017,Audi,Audi Q3 30 TDI Premium FWD,Q3,2400000.0,100568.0,Diesel,Hyderabad,9
915,2015,Maruti Suzuki,Maruti Suzuki Swift Dzire LXI,Swift,560000.0,12208.0,Petrol,Hyderabad,11
916,2010,Skoda,Skoda Laura Ambiente 1.9 TDI AT,Laura,420000.0,80084.0,Diesel,Hyderabad,16
917,2012,Volkswagen,Volkswagen Polo Comfortline 1.2L (D),Polo,420000.0,75893.0,Diesel,Hyderabad,14
918,2015,Maruti Suzuki,Maruti Suzuki Wagon R 1.0 VXI,Wagon,385000.0,71000.0,Petrol,Hyderabad,11
919,2013,Maruti Suzuki,Maruti Suzuki Swift ZDi,Swift,490000.00000000006,83000.0,Diesel,Hyderabad,13
920,2009,Maruti Suzuki,Maruti Suzuki Swift VDi,Swift,295000.0,82000.0,Diesel,Hyderabad,17
921,2011,BMW,BMW X1 sDrive20d,X1,1095000.0,84000.0,Diesel,Hyderabad,15
922,2014,Honda,Honda City V Diesel,City,590000.0,85000.0,Diesel,Hyderabad,12
923,2018,Tata,Tata Safari Storme 2019 2.2 VX 4x2 Varicor400,Safari,999000.0,194000.0,Diesel,Hyderabad,8
924,2015,Hyundai,Hyundai Creta 1.4 S,Creta,1050000.0,99000.0,Diesel,Hyderabad,11
925,2015,Hyundai,Hyundai Elite i20 Asta 1.2,Elite,525000.0,129804.0,Petrol,Hyderabad,11
926,2011,Hyundai,Hyundai i20 Sportz 1.4 CRDI,i20,445000.0,72000.0,Diesel,Hyderabad,15
927,2005,Toyota,Toyota Corolla H2 1.8E,Corolla,245000.00000000003,174000.0,Petrol,Hyderabad,21
928,2012,Maruti Suzuki,Maruti Suzuki Wagon R 1.0 LXi CNG,Wagon,320000.0,65000.0,CNG + 1,Hyderabad,14
929,2015,Maruti Suzuki,Maruti Suzuki Swift VXi,Swift,570000.0,63000.0,Petrol,Hyderabad,11
930,2015,Maruti Suzuki,Maruti Suzuki Wagon R 1.0 VXI,Wagon,425000.0,57000.0,Petrol,Hyderabad,11
931,2018,Maruti Suzuki,Maruti Suzuki Dzire VXi AMT,Dzire,745000.0,30100.0,Petrol,Hyderabad,8
932,2018,BMW,BMW 3 Series 320d Edition Sport,3,3200000.0,24000.0,Diesel,Hyderabad,8
933,2010,Hyundai,Hyundai Santro Xing GLS,Santro,265000.0,69000.0,Petrol,Hyderabad,16
934,2016,Mercedes-Benz,Mercedes-Benz GL 350 CDI,GL,4500000.0,100000.0,Diesel,Hyderabad,10
935,2013,Hyundai,Hyundai Verna Fluidic 1.6 CRDi SX Opt,Verna,585000.0,72000.0,Diesel,Hyderabad,13
936,2016,Maruti Suzuki,Maruti Suzuki Swift Dzire VXI,Swift,625000.0,88000.0,Petrol,Hyderabad,10
937,2020,Kia,Kia Seltos GTX Plus 1.4 [2020-2021],Seltos,1950000.0,16000.0,Petrol,Hyderabad,6
938,2012,Maruti Suzuki,Maruti Suzuki Wagon R 1.0 LXi CNG,Wagon,320000.0,65000.0,CNG + 1,Hyderabad,14
939,2009,Honda,Honda City 1.5 S MT,City,385000.0,121580.0,Petrol,Hyderabad,17
940,2013,Mahindra,Mahindra XUV500 W8,XUV500,680000.0,93000.0,Diesel,Hyderabad,13
941,2008,Hyundai,Hyundai i10 Magna,i10,240000.0,59000.0,Petrol,Hyderabad,18
942,2013,Hyundai,Hyundai i20 Sportz 1.4 CRDI,i20,460000.0,87000.0,Diesel,Hyderabad,13
943,2017,Maruti Suzuki,Maruti Suzuki Vitara Brezza VDi (O) [2016-2018],Vitara,795000.0,47600.0,Diesel,Hyderabad,9
944,2010,Maruti Suzuki,Maruti Suzuki Swift VDi BS-IV,Swift,295000.0,82000.0,Diesel,Hyderabad,16
945,2016,Maruti Suzuki,Maruti Suzuki Swift Dzire ZDI AMT,Swift,699000.0,86000.0,Diesel,Hyderabad,10
946,2019,Tata,Tata Hexa XTA 4x2 7 STR,Hexa,1775000.0,27000.0,Diesel,Hyderabad,7
947,2018,Maruti Suzuki,Maruti Suzuki Vitara Brezza LDi (O) [2016-2018],Vitara,875000.0,86000.0,Diesel,Hyderabad,8
948,2009,BMW,BMW 3 Series 320d Highline Sedan,3,894999.9999999999,144000.0,Diesel,Hyderabad,17
949,2015,Hyundai,Hyundai Creta 1.6 SX,Creta,950000.0,68000.0,Diesel,Hyderabad,11
950,2016,Skoda,Skoda Superb L&K TSI AT,Superb,1930000.0,67000.0,Petrol,Hyderabad,10
951,2016,Maruti Suzuki,Maruti Suzuki Swift ZXi,Swift,650000.0,82000.0,Petrol,Hyderabad,10
952,2015,Maruti Suzuki,Maruti Suzuki Ertiga ZDI + SHVS,Ertiga,795000.0,91000.0,Diesel,Hyderabad,11
953,2010,Maruti Suzuki,Maruti Suzuki Swift Dzire VDi BS-IV,Swift,355000.0,83000.0,Diesel,Hyderabad,16
954,2013,Audi,Audi A4 2.0 TDI (177bhp) Premium,A4,1750000.0,85349.0,Diesel,Hyderabad,13
955,2016,Ford,Ford EcoSport Titanium 1.5L TDCi,EcoSport,695000.0,106000.0,Diesel,Hyderabad,10
956,2019,Hyundai,Hyundai Venue SX 1.0 Turbo iMT,Venue,1050000.0,13470.0,Petrol,Hyderabad,7
957,2018,Renault,Renault Captur RXT Diesel Dual Tone,Captur,1050000.0,43000.0,Diesel,Hyderabad,8
958,2020,Maruti Suzuki,Maruti Suzuki Alto 800 Lxi (Airbag) [2012-2015],Alto,395000.0,1600.0,Petrol,Hyderabad,6
959,2013,Porsche,Porsche Cayenne Diesel,Cayenne,3900000.0,87000.0,Diesel,Hyderabad,13
960,2014,Jaguar,Jaguar XF Petrol 2.0,XF,2195000.0,71000.0,Petrol,Hyderabad,12
961,2016,Hyundai,Hyundai Xcent S 1.1 CRDi,Xcent,430000.0,127000.0,Diesel,Hyderabad,10
962,2017,Tata,Tata Hexa XT 4x2 7 STR,Hexa,1200000.0,160015.0,Diesel,Hyderabad,9
963,2014,Hyundai,Hyundai Verna Fluidic 1.6 CRDi SX,Verna,725000.0,50781.0,Diesel,Hyderabad,12
964,2019,Maruti Suzuki,Maruti Suzuki Vitara Brezza VDi,Vitara,990000.0,41000.0,Diesel,Hyderabad,7
965,2012,Tata,Tata Nano LX,Nano,95000.0,31000.0,Petrol,Hyderabad,14
966,2017,Hyundai,Hyundai Creta 1.6 SX Plus Special Edition,Creta,1035000.0,56462.0,Diesel,Hyderabad,9
967,2017,Honda,Honda City V Petrol [2017-2019],City,775000.0,44150.0,Petrol,Hyderabad,9
968,2019,Hyundai,Hyundai Creta SX 1.6 Petrol,Creta,1285000.0,20000.0,Petrol,Hyderabad,7
969,2016,Honda,Honda City SV Diesel,City,775000.0,66000.0,Diesel,Hyderabad,10
970,2015,Volkswagen,Volkswagen Polo Highline1.2L (P),Polo,550000.0,68000.0,Petrol,Hyderabad,11
971,2012,Skoda,Skoda Yeti Ambition 2.0 TDI CR 4x2,Yeti,675000.0,95000.0,Diesel,Hyderabad,14
972,2017,Maruti Suzuki,Maruti Suzuki Ciaz ZDi+ SHVS RS [2015-2017],Ciaz,795000.0,54000.0,Diesel,Hyderabad,9
973,2012,Nissan,Nissan Sunny XL,Sunny,370000.0,72000.0,Petrol,Hyderabad,14
974,2011,Ford,Ford Figo Duratorq Diesel ZXI 1.4,Figo,275000.0,115000.0,Diesel,Hyderabad,15
975,2016,Ford,Ford EcoSport Titanium 1.5L TDCi,EcoSport,745000.0,46816.0,Diesel,Hyderabad,10
976,2017,Honda,Honda City VX (O) MT Diesel,City,975000.0,94000.0,Diesel,Hyderabad,9
977,2012,Skoda,Skoda Yeti Elegance 2.0 TDI CR 4x4,Yeti,675000.0,107000.0,Diesel,Hyderabad,14
978,2015,Mahindra,Mahindra Quanto C8,Quanto,450000.0,80000.0,Diesel,Hyderabad,11
979,2007,Honda,Honda Accord 3.0 V6 AT,Accord,450000.0,110000.0,Petrol,Hyderabad,19
980,2010,Ford,Ford Endeavour 3.0L 4x4 AT,Endeavour,685000.0,115000.0,Diesel,Hyderabad,16
981,2020,Hyundai,Hyundai Creta SX (O) 1.5 Diesel,Creta,1890000.0,23906.0,Diesel,Hyderabad,6
982,2017,Mahindra,Mahindra Thar CRDe 4x4 AC1,Thar,875000.0,76000.0,Diesel,Hyderabad,9
983,2018,Hyundai,Hyundai Grand i10 Asta 1.2 Kappa VTVT [2013-2016],Grand,625000.0,43000.0,Petrol,Hyderabad,8
984,2018,Toyota,Toyota Innova Crysta 2.4 VX 7 STR [2016-2020],Innova,1875000.0,142000.0,Diesel,Hyderabad,8
985,2019,Hyundai,Hyundai Verna 1.6 VTVT SX (O),Verna,1195000.0,10000.0,Petrol,Chennai,7
986,2021,Ford,Ford Endeavour Titanium Plus 2.0 4x4 AT,Endeavour,3850000.0,8000.0,Diesel,Chennai,5
987,2013,Hyundai,Hyundai i20 Magna 1.4 CRDI,i20,410000.0,83000.0,Diesel,Chennai,13
988,2013,Honda,Honda Amaze 1.5 S i-DTEC,Amaze,425000.0,100000.0,Diesel,Chennai,13
989,2016,Mercedes-Benz,Mercedes-Benz GLC 220 d Sport,GLC,3490000.0,38000.0,Diesel,Chennai,10
990,2015,Audi,Audi Q3 35 TDI Premium Plus,Q3,2200000.0,76000.0,Diesel,Chennai,11
991,2004,Toyota,Toyota Camry ACV30R,Camry,500000.0,70500.0,Petrol,Chennai,22
992,2013,Ford,Ford EcoSport Titanium 1.5 Ti-VCT AT,EcoSport,650000.0,60000.0,Petrol,Chennai,13
993,2019,Honda,Honda Jazz VX CVT Petrol,Jazz,900000.0,11505.0,Petrol,Chennai,7
994,2018,Toyota,Toyota Innova Crysta 2.4 VX 7 STR [2016-2020],Innova,2150000.0,7686.0,Diesel,Chennai,8
995,2019,Honda,Honda Jazz VX Petrol,Jazz,900000.0,1664.0,Petrol,Chennai,7
996,2016,Hyundai,Hyundai Creta 1.6 SX,Creta,1090000.0,69138.0,Diesel,Chennai,10
997,2020,Toyota,Toyota Innova Crysta 2.4 ZX AT 7 STR,Innova,2790000.0,2762.0,Diesel,Chennai,6
998,2017,Honda,Honda WR-V VX MT Petrol,WR-V,800000.0,4593.0,Petrol,Chennai,9
999,2015,Maruti Suzuki,Maruti Suzuki Ertiga VDi,Ertiga,725000.0,75000.0,Diesel,Chennai,11
1000,2013,Toyota,Toyota Innova 2.5 VX 8 STR BS-III,Innova,1100000.0,107000.0,Diesel,Chennai,13
1001,2016,Honda,Honda City SV Diesel,City,810000.0,62000.0,Diesel,Chennai,10
1002,2008,Hyundai,Hyundai Santro Xing GLS,Santro,170000.0,63000.0,Petrol,Chennai,18
1003,2014,Renault,Renault Duster RXL Petrol,Duster,565000.0,25000.0,Petrol,Chennai,12
1004,2015,Hyundai,Hyundai i10 Sportz 1.1 iRDE2 [2010--2017],i10,400000.0,40000.0,Petrol,Chennai,11
1005,2018,Hyundai,Hyundai Verna 1.6 CRDI SX,Verna,1025000.0,40000.0,Diesel,Chennai,8
1006,2010,Tata,Tata Nano LX,Nano,80000.0,10001.0,Petrol,Chennai,16
1007,2016,Mahindra,Mahindra TUV300 T8 AMT mHAWK100,TUV300,875000.0,38000.0,Diesel,Chennai,10
1008,2019,Maruti Suzuki,Maruti Suzuki Vitara Brezza ZDi+ Dual Tone [2017-2018],Vitara,1150000.0,14000.0,Diesel,Chennai,7
1009,2019,Honda,Honda Jazz VX Petrol,Jazz,790000.0,11000.0,Petrol,Chennai,7
1010,2018,Mahindra,Mahindra XUV500 W5 [2018-2020],XUV500,1290000.0,29000.0,Diesel,Chennai,8
1011,2020,Mahindra,Mahindra XUV300 1.2 W6 [2019-2019],XUV300,990000.0,2000.0,Petrol,Chennai,6
1012,2019,Hyundai,Hyundai Verna EX 1.4 VTVT,Verna,925000.0,24800.0,Petrol,Chennai,7
1013,2020,Mahindra,Mahindra XUV300 1.5 W8 (O) AMT [2019-2020],XUV300,1390000.0,25000.0,Diesel,Chennai,6
1014,2017,Honda,Honda WR-V VX MT Diesel,WR-V,875000.0,46000.0,Diesel,Chennai,9
1015,2018,Ford,Ford EcoSport Titanium + 1.5L TDCi,EcoSport,1090000.0,20000.0,Diesel,Chennai,8
1016,2020,Mahindra,Mahindra XUV300 1.5 W8 (O) AMT [2019-2020],XUV300,1390000.0,25000.0,Diesel,Chennai,6
1017,2018,Ford,Ford EcoSport Titanium + 1.5L TDCi,EcoSport,1090000.0,20000.0,Diesel,Chennai,8
1018,2021,Ford,Ford Endeavour Titanium Plus 2.0 4x4 AT,Endeavour,3850000.0,8000.0,Diesel,Chennai,5
1019,2017,Honda,Honda WR-V VX MT Diesel,WR-V,875000.0,46000.0,Diesel,Chennai,9
1020,2019,Hyundai,Hyundai Verna 1.6 VTVT SX (O),Verna,1195000.0,10000.0,Petrol,Chennai,7
1021,2019,Skoda,Skoda Rapid Monte Carlo 1.6 MPI MT,Rapid,1175000.0,10000.0,Petrol,Chennai,7
1022,2019,Jeep,Jeep Compass Limited Plus Petrol AT [2018-2020],Compass,2190000.0,24000.0,Petrol,Chennai,7
1023,2018,Mahindra,Mahindra XUV500 W5 [2018-2020],XUV500,1290000.0,29000.0,Diesel,Chennai,8
1024,2019,Hyundai,Hyundai Verna EX 1.4 VTVT,Verna,925000.0,24800.0,Petrol,Chennai,7
1025,2020,Mahindra,Mahindra XUV300 1.2 W6 [2019-2019],XUV300,990000.0,2000.0,Petrol,Chennai,6
1026,2014,Honda,Honda City VX CVT,City,790000.0,20000.0,Petrol,Chennai,12
1027,2015,Volkswagen,Volkswagen Vento Highline Diesel,Vento,620000.0,54000.0,Diesel,Chennai,11
1028,2010,Maruti Suzuki,Maruti Suzuki Ritz VXI BS-IV,Ritz,285000.0,72000.0,Petrol,Chennai,16
1029,2014,Audi,Audi A4 2.0 TDI (177bhp) Premium,A4,1850000.0,72000.0,Diesel,Chennai,12
1030,2016,Hyundai,Hyundai Elite i20 Asta 1.2 [2016-2017],Elite,630000.0,5700.0,Petrol,Chennai,10
1031,2014,Mahindra,Mahindra Bolero SLX BS IV,Bolero,540000.0,180000.0,Diesel,Chennai,12
1032,2018,Hyundai,Hyundai Creta S 1.6 AT CRDi,Creta,1250000.0,40000.0,Diesel,Chennai,8
1033,2013,Ford,Ford EcoSport Titanium 1.5 Ti-VCT AT,EcoSport,650000.0,60000.0,Petrol,Chennai,13
1034,2012,Honda,Honda City 1.5 E MT,City,525000.0,40000.0,Petrol,Chennai,14
1035,2012,Honda,Honda City 1.5 V AT,City,750000.0,65000.0,Petrol,Chennai,14
1036,2011,Honda,Honda City 1.5 S AT,City,490000.00000000006,80000.0,Petrol,Chennai,15
1037,2019,Hyundai,Hyundai Elite i20 Magna Plus 1.2 [2019-2020],Elite,625000.0,33000.0,Petrol,Chennai,7
1038,2020,Renault,Renault Kwid 1.0 RXT AMT Opt [2016-2019],Kwid,530000.0,11500.0,Petrol,Chennai,6
1039,2019,Volvo,Volvo XC60 Inscription [2017-2020],XC60,5600000.0,40000.0,Diesel,Chennai,7
1040,2019,Hyundai,Hyundai Elite i20 Magna Plus 1.2 [2019-2020],Elite,625000.0,33000.0,Petrol,Chennai,7
1041,2019,Toyota,Toyota Innova Crysta 2.8 ZX AT 7 STR [2016-2020],Innova,2450000.0,26000.0,Diesel,Chennai,7
1042,2020,Renault,Renault Kwid 1.0 RXT AMT Opt [2016-2019],Kwid,530000.0,11500.0,Petrol,Chennai,6
1043,2011,Mercedes-Benz,Mercedes-Benz C-Class 250 CDI,C-Class,1250000.0,97000.0,Diesel,Chennai,15
1044,2007,Honda,Honda CR-V 2.4 MT,CR-V,475000.0,120000.0,Petrol,Chennai,19
1045,2021,Hyundai,Hyundai Venue SX 1.0 Turbo iMT,Venue,1050000.0,2000.0,Petrol,Chennai,5
1046,2005,Mercedes-Benz,Mercedes-Benz C-Class 200 K AT,C-Class,550000.0,74000.0,Petrol,Chennai,21
1047,2014,Jaguar,Jaguar XF 2.2 Diesel,XF,2200000.0,78000.0,Diesel,Chennai,12
1048,2016,Hyundai,Hyundai Elite i20 Asta 1.2 [2016-2017],Elite,630000.0,57000.0,Petrol,Chennai,10
1049,2015,Volkswagen,Volkswagen Vento Highline Petrol AT,Vento,600000.0,66000.0,Petrol,Chennai,11
1050,2015,Volkswagen,Volkswagen Polo GT TSI,Polo,700000.0,50000.0,Petrol,Chennai,11
1051,2011,Ford,Ford Fiesta ZXi 1.6,Fiesta,290000.0,55000.0,Petrol,Chennai,15
1052,2014,BMW,BMW 3 Series 320d Sport Line,3,2250000.0,55000.0,Diesel,Chennai,12
1053,2016,BMW,BMW 7 Series 730Ld DPE (CBU),7,5650000.0,54000.0,Diesel,Chennai,10
1054,2019,BMW,BMW 5 Series 520d Luxury Line [2017-2019],5,5190000.0,53000.0,Diesel,Chennai,7
1055,2016,Mercedes-Benz,Mercedes-Benz S-Class S 350 CDI,S-Class,5850000.0,70000.0,Diesel,Chennai,10
1056,2014,Volkswagen,Volkswagen Vento Highline Diesel,Vento,575000.0,86000.0,Diesel,Chennai,12
1057,2011,Honda,Honda Accord 2.4 AT,Accord,750000.0,65000.0,Petrol,Chennai,15
1058,2017,Jaguar,Jaguar F-Pace Prestige [2016-2017],F-Pace,4500000.0,56500.0,Diesel,Chennai,9
1059,2018,Volvo,Volvo XC90 D5 AWD,XC90,4200000.0,141900.0,Diesel,Chennai,8
1060,2011,Audi,Audi A4 2.0 TDI (177bhp) Premium,A4,1200000.0,44000.0,Diesel,Chennai,15
1061,2018,Jeep,Jeep Compass Longitude (O) 2.0 Diesel [2017-2020],Compass,1650000.0,39500.0,Diesel,Chennai,8
1062,2004,Toyota,Toyota Camry ACV30R,Camry,500000.0,70500.0,Petrol,Chennai,22
1063,2018,Maruti Suzuki,Maruti Suzuki Ciaz Alpha 1.4 AT,Ciaz,950000.0,25000.0,Petrol,Chennai,8
1064,2016,Mercedes-Benz,Mercedes-Benz S-Class S 350 CDI,S-Class,5850000.0,70000.0,Diesel,Chennai,10
1065,2012,Toyota,Toyota Innova 2.5 V 7 STR,Innova,1200000.0,108000.0,Diesel,Chennai,14
1066,2017,Jaguar,Jaguar F-Pace Prestige [2016-2017],F-Pace,4500000.0,56500.0,Diesel,Chennai,9
1067,2014,BMW,BMW 3 Series 320d Luxury Line,3,2250000.0,55000.0,Diesel,Chennai,12
1068,2018,Volvo,Volvo XC90 D5 AWD,XC90,4200000.0,141900.0,Diesel,Chennai,8
1069,2011,Ford,Ford Fiesta ZXi 1.6,Fiesta,290000.0,55000.0,Petrol,Chennai,15
1070,2017,Land Rover,Land Rover Range Rover Evoque HSE,Evoque,3550000.0,80400.0,Diesel,Chennai,9
1071,2015,BMW,BMW 7 Series 730Ld,7,3800000.0,40500.0,Diesel,Chennai,11
1072,2018,BMW,BMW 5 Series 520d Luxury Line [2017-2019],5,4900000.0,39000.0,Diesel,Chennai,8
1073,2007,BMW,BMW 6 Series 645i,6,1800000.0,30900.0,Petrol,Chennai,19
1074,2014,Mahindra,Mahindra XUV500 W8 AWD,XUV500,1050000.0,58200.0,Diesel,Chennai,12
1075,2015,Hyundai,Hyundai Creta 1.6 S Plus AT,Creta,950000.0,79900.0,Diesel,Chennai,11
1076,2016,Maruti Suzuki,Maruti Suzuki Swift ZXi,Swift,610000.0,15000.0,Petrol,Chennai,10
1077,2019,Toyota,Toyota Innova Crysta 2.4 VX 8 STR [2016-2020],Innova,2175000.0,39900.0,Diesel,Chennai,7
1078,2013,Volkswagen,Volkswagen Vento Highline Petrol,Vento,475000.0,66000.0,Petrol,Chennai,13
1079,2011,Hyundai,Hyundai i10 Asta 1.2 AT with Sunroof,i10,360000.0,22000.0,Petrol,Chennai,15
1080,2011,Volvo,Volvo XC60 D5 AWD AT,XC60,1150000.0,80000.0,Diesel,Chennai,15
1081,2012,Honda,Honda City 1.5 V MT,City,550000.0,55000.0,Petrol,Chennai,14
1082,2015,Mercedes-Benz,Mercedes-Benz CLS 250 CDI,CLS,3700000.0,24000.0,Diesel,Chennai,11
1083,2017,Toyota,Toyota Fortuner 2.8 4x2 MT [2016-2020],Fortuner,2700000.0,72000.0,Diesel,Chennai,9
1084,2019,Mahindra,Mahindra XUV500 W9 1.99,XUV500,1650000.0,19900.0,Diesel,Chennai,7
1085,2015,Ford,Ford EcoSport Titanium 1.5 TDCi,EcoSport,600000.0,92900.0,Diesel,Chennai,11
1086,2015,Ford,Ford EcoSport Titanium 1.5 TDCi,EcoSport,600000.0,89900.0,Diesel,Chennai,11
1087,2012,Mahindra,Mahindra XUV500 W8 AWD,XUV500,800000.0,85000.0,Diesel,Chennai,14
1088,2019,Mahindra,Mahindra XUV500 W9 1.99,XUV500,1650000.0,19900.0,Diesel,Chennai,7
1089,2012,Mahindra,Mahindra XUV500 W8 AWD,XUV500,800000.0,85000.0,Diesel,Chennai,14
1090,2013,Audi,Audi Q7 3.0 TDI quattro Premium Plus,Q7,2150000.0,83000.0,Diesel,Chennai,13
1091,2016,Honda,Honda City V,City,790000.0,45000.0,Petrol,Chennai,10
1092,2014,Hyundai,Hyundai Elite i20 Magna 1.4 CRDI,Elite,550000.0,52000.0,Diesel,Chennai,12
1093,2016,Maruti Suzuki,Maruti Suzuki Celerio ZXi,Celerio,425000.0,35000.0,Petrol,Chennai,10
1094,2016,Toyota,Toyota Innova Crysta 2.4 VX 7 STR [2016-2020],Innova,1700000.0,79900.0,Diesel,Chennai,10
1095,2012,Audi,Audi A6 3.0 TDI quattro Premium Plus,A6,1450000.0,55000.0,Diesel,Chennai,14
1096,2018,Renault,Renault Duster 110 PS RXZ 4X2 AMT Diesel,Duster,925000.0,50000.0,Diesel,Chennai,8
1097,2015,Toyota,Toyota Innova 2.5 GX BS III 8 STR,Innova,1350000.0,85000.0,Diesel,Chennai,11
1098,2015,Mercedes-Benz,Mercedes-Benz C-Class C 220 CDI Avantgarde,C-Class,2350000.0,43000.0,Diesel,Chennai,11
1099,2012,Mercedes-Benz,Mercedes-Benz GL 350 CDI BlueEFFICIENCY,GL,2400000.0,148000.0,Diesel,Chennai,14
1100,2015,Hyundai,Hyundai Elite i20 Sportz 1.2,Elite,575000.0,39000.0,Petrol,Chennai,11
1101,2018,Hyundai,Hyundai Verna SX Plus 1.6 VTVT AT,Verna,1200000.0,19900.0,Petrol,Chennai,8
1102,2017,Maruti Suzuki,Maruti Suzuki Celerio ZXi AMT [2017-2019],Celerio,470000.0,51000.0,Petrol,Chennai,9
1103,2017,Land Rover,Land Rover Range Rover Evoque HSE,Evoque,3500000.0,30980.0,Diesel,Chennai,9
1104,2016,Audi,Audi Q3 30 TDI S,Q3,1395000.0,72000.0,Diesel,Chennai,10
1105,2014,BMW,BMW 5 Series 520d Luxury Line [2017-2019],5,2800000.0,27000.0,Diesel,Chennai,12
1106,2018,Hyundai,Hyundai Elite i20 Magna Executive 1.2,Elite,650000.0,18000.0,Petrol,Chennai,8
1107,2015,Maruti Suzuki,Maruti Suzuki Ciaz ZXi,Ciaz,675000.0,62000.0,Petrol,Chennai,11
1108,2016,Hyundai,Hyundai Creta 1.4 S,Creta,770000.0,175000.0,Diesel,Chennai,10
1109,2011,Nissan,Nissan Micra XE Petrol,Micra,225000.0,51000.0,Petrol,Chennai,15
1110,2016,Hyundai,Hyundai Creta 1.4 S,Creta,925000.0,40000.0,Diesel,Chennai,10
1111,2019,Hyundai,Hyundai Venue SX Plus 1.0 Turbo DCT,Venue,1125000.0,14000.0,Petrol,Chennai,7
1112,2011,Nissan,Nissan Micra XE Petrol,Micra,225000.0,51000.0,Petrol,Chennai,15
1113,2019,Hyundai,Hyundai Venue SX Plus 1.0 Turbo DCT,Venue,1125000.0,14000.0,Petrol,Chennai,7
1114,2017,Ford,Ford Endeavour Titanium 2.2 4x2 AT [2016-2018],Endeavour,2280000.0,41000.0,Diesel,Chennai,9
1115,2014,Skoda,Skoda Rapid Ambition 1.6 TDI CR MT,Rapid,529000.0,49000.0,Diesel,Chennai,12
1116,2016,Ford,Ford EcoSport Titanium 1.5L Ti-VCT AT,EcoSport,680000.0,69000.0,Petrol,Chennai,10
1117,2012,Hyundai,Hyundai i20 Magna 1.2,i20,375000.0,66000.0,Petrol,Chennai,14
1118,2017,Maruti Suzuki,Maruti Suzuki Baleno Zeta 1.2,Baleno,650000.0,32000.0,Petrol,Chennai,9
1119,2015,Volkswagen,Volkswagen Vento Highline Petrol AT,Vento,700000.0,60000.0,Petrol,Chennai,11
1120,2017,Maruti Suzuki,Maruti Suzuki Ertiga ZDI + SHVS,Ertiga,910000.0,48000.0,Diesel,Chennai,9
1121,2018,Maruti Suzuki,Maruti Suzuki Ciaz Zeta 1.4 AT,Ciaz,825000.0,22000.0,Petrol,Chennai,8
1122,2012,Land Rover,Land Rover Range Rover Evoque Dynamic SD4,Evoque,2350000.0,63000.0,Diesel,Chennai,14
1123,2012,Mercedes-Benz,Mercedes-Benz C-Class C 250 CDI BlueEFFICIENCY,C-Class,1400000.0,87500.0,Diesel,Chennai,14
1124,2020,Toyota,Toyota Innova Crysta 2.4 VX 7 STR [2016-2020],Innova,2550000.0,9500.0,Diesel,Chennai,6
1125,2017,Hyundai,Hyundai Grand i10 Era U2 1.2 CRDi,Grand,380000.0,62000.0,Diesel,Chennai,9
1126,2018,Audi,Audi Q3 35 TDI quattro Premium Plus,Q3,2650000.0,81296.0,Diesel,Chennai,8
1127,2018,Hyundai,Hyundai Verna 1.6 CRDI SX (O),Verna,1250000.0,38000.0,Diesel,Chennai,8
1128,2017,Hyundai,Hyundai Elite i20 Asta 1.4 CRDI,Elite,750000.0,40000.0,Diesel,Chennai,9
1129,2019,Hyundai,Hyundai Creta EX 1.4 CRDi,Creta,990000.0,58000.0,Diesel,Chennai,7
1130,2011,Toyota,Toyota Innova 2.5 VX 8 STR BS-IV,Innova,869999.9999999999,120000.0,Diesel,Chennai,15
1131,2018,Maruti Suzuki,Maruti Suzuki Ciaz Delta Hybrid 1.5 [2018-2020],Ciaz,869999.9999999999,38000.0,Petrol,Chennai,8
1132,2015,Mahindra,Mahindra Thar CRDe 4x4 AC,Thar,750000.0,64000.0,Diesel,Chennai,11
1133,2010,Maruti Suzuki,Maruti Suzuki SX4 VXi,SX4,240000.0,90000.0,Petrol,Chennai,16
1134,2015,Hyundai,Hyundai Creta 1.6 SX Plus AT,Creta,925000.0,84000.0,Diesel,Chennai,11
1135,2019,Mahindra,Mahindra TUV300 T6 Plus,TUV300,945000.0,39000.0,Diesel,Chennai,7
1136,2008,Hyundai,Hyundai i10 Sportz 1.2,i10,250000.0,73000.0,Petrol,Chennai,18
1137,2016,Ford,Ford Figo Titanium1.5 TDCi,Figo,475000.0,40000.0,Diesel,Chennai,10
1138,2016,Ford,Ford Endeavour Titanium 3.2 4x4 AT,Endeavour,2225000.0,65000.0,Diesel,Chennai,10
1139,2016,Renault,Renault Duster 110 PS RXZ 4X2 MT Diesel,Duster,690000.0,70000.0,Diesel,Chennai,10
1140,2014,Hyundai,Hyundai Elite i20 Era 1.2,Elite,515000.00000000006,29000.0,Petrol,Chennai,12
1141,2015,Hyundai,Hyundai i10 1.1L iRDE Magna Special Edition,i10,325000.0,54000.0,Petrol,Chennai,11
1142,2019,Kia,Kia Seltos GTX 1.4 Dual Tone,Seltos,1590000.0,7000.0,Petrol,Chennai,7
1143,2019,Ford,Ford EcoSport Titanium 1.5L TDCi,EcoSport,890000.0,45000.0,Diesel,Chennai,7
1144,2016,Ford,Ford Endeavour Titanium 3.2 4x4 AT,Endeavour,2090000.0,74000.0,Diesel,Chennai,10
1145,2012,Mahindra,Mahindra XUV500 W8,XUV500,750000.0,130000.0,Diesel,Chennai,14
1146,2016,Ford,Ford EcoSport Titanium 1.5L TDCi,EcoSport,575000.0,68000.0,Diesel,Chennai,10
1147,2017,Honda,Honda Jazz V Petrol,Jazz,725000.0,13000.0,Petrol,Chennai,9
1148,2016,Mahindra,Mahindra TUV300 T8,TUV300,675000.0,64000.0,Diesel,Chennai,10
1149,2011,Ford,Ford Endeavour 2.5L 4x2,Endeavour,950000.0,60000.0,Diesel,Chennai,15
1150,2017,Hyundai,Hyundai Grand i10 Sportz AT 1.2 Kappa VTVT,Grand,550000.0,44000.0,Petrol,Chennai,9
1151,2017,Ford,Ford Endeavour Trend 3.2 4x4 AT,Endeavour,2290000.0,61000.0,Diesel,Chennai,9
1152,2014,Toyota,Toyota Innova 2.5 G 7 STR BS-IV,Innova,1149000.0,112000.0,Diesel,Chennai,12
1153,2012,BMW,BMW X1 sDrive20d,X1,1385000.0,59000.0,Diesel,Chennai,14
1154,2017,Ford,Ford Endeavour Trend 3.2 4x4 AT,Endeavour,2400000.0,90000.0,Diesel,Chennai,9
1155,2012,Mahindra,Mahindra Scorpio SLE 2.6 CRDe,Scorpio,650000.0,135000.0,Diesel,Chennai,14
1156,2016,BMW,BMW X3 xDrive-20d xLine,X3,3400000.0,40000.0,Diesel,Chennai,10
1157,2013,Toyota,Toyota Innova 2.5 V 7 STR,Innova,1250000.0,130000.0,Diesel,Chennai,13
1158,2019,Maruti Suzuki,Maruti Suzuki Swift Dzire LDI,Swift,600000.0,62000.0,Diesel,Chennai,7
1159,2017,Hyundai,Hyundai Grand i10 Magna 1.1 CRDi [2016-2017],Grand,380000.0,65000.0,Diesel,Chennai,9
1160,2016,Ford,Ford EcoSport Titanium 1.5L TDCi,EcoSport,750000.0,34000.0,Diesel,Chennai,10
1161,2015,Hyundai,Hyundai Eon D-Lite +,Eon,320000.0,36000.0,Petrol,Chennai,11
1162,2020,Hyundai,Hyundai Tucson GL 2WD AT Petrol,Tucson,2500000.0,4500.0,Petrol,Chennai,6
1163,2013,Skoda,Skoda Laura Ambition 1.8 TSI,Laura,625000.0,106000.0,Petrol,Chennai,13
1164,2018,Toyota,Toyota Innova Crysta 2.8 ZX AT 7 STR [2016-2020],Innova,2300000.0,40000.0,Diesel,Chennai,8
1165,2016,BMW,BMW X1 sDrive20d xLine,X1,2600000.0,37000.0,Diesel,Chennai,10
1166,2019,Hyundai,Hyundai Creta SX 1.6 AT Petrol,Creta,1380000.0,32000.0,Petrol,Chennai,7
1167,2017,Ford,Ford Mustang GT Fastback 5.0L v8,Mustang,6500000.0,11100.0,Petrol,Chennai,9
1168,2017,Volvo,Volvo S60 Polestar [2017-2020],S60,3950000.0,49855.0,Petrol,Chennai,9
1169,2015,Audi,Audi A8 L 3.0 TDI quattro,A8,4500000.0,57700.0,Diesel,Chennai,11
1170,2019,Honda,Honda City V Petrol,City,1050000.0,24000.0,Petrol,Chennai,7
1171,2017,Volkswagen,Volkswagen Ameo Highline1.5L (D) [2016-2018],Ameo,575000.0,55000.0,Diesel,Chennai,9
1172,2015,Hyundai,Hyundai Grand i10 Asta 1.1 CRDi [2013-2016],Grand,445000.0,65000.0,Diesel,Chennai,11
1173,2012,Toyota,Toyota Corolla Altis G Diesel,Corolla,650000.0,77000.0,Diesel,Chennai,14
1174,2016,Jaguar,Jaguar XF 3.0 V6 Premium Luxury,XF,2850000.0,63000.0,Diesel,Chennai,10
1175,2013,Mercedes-Benz,Mercedes-Benz M-Class ML 350 CDI,M-Class,2400000.0,120000.0,Diesel,Chennai,13
1176,2017,Maruti Suzuki,Maruti Suzuki Ciaz Zeta 1.4 AT,Ciaz,785000.0,49000.0,Petrol,Chennai,9
1177,2017,Hyundai,Hyundai Verna 1.6 VTVT SX,Verna,875000.0,10001.0,Petrol,Chennai,9
1178,2019,Renault,Renault Duster 85 PS RXS 4X2 MT Diesel,Duster,1090000.0,16000.0,Diesel,Chennai,7
1179,2018,Maruti Suzuki,Maruti Suzuki Baleno Zeta,Baleno,690000.0,35000.0,Petrol,Chennai,8
1180,2018,Honda,Honda Jazz V Diesel,Jazz,750000.0,29000.0,Diesel,Chennai,8
1181,2018,Honda,Honda City VX Diesel,City,990000.0,41000.0,Diesel,Chennai,8
1182,2020,Kia,Kia Sonet GTX Plus 1.0 iMT [2020-2021],Sonet,1450000.0,3000.0,Petrol,Chennai,6
1183,2015,Audi,Audi Q3 35 TDI Premium Plus,Q3,2200000.0,76000.0,Diesel,Chennai,11
1184,2020,BMW,BMW X4 M [2019],X4,6800000.0,20000.0,Petrol,Chennai,6
1185,2017,Tata,Tata Hexa XT 4x4 7 STR,Hexa,1075000.0,85000.0,Diesel,Chennai,9
1186,2012,Renault,Renault Duster 110 PS RxL Diesel,Duster,525000.0,65000.0,Diesel,Chennai,14
1187,2015,Skoda,Skoda Rapid 1.5 TDI CR Elegance AT,Rapid,790000.0,57000.0,Diesel,Chennai,11
1188,2017,Maruti Suzuki,Maruti Suzuki Ignis Zeta 1.2 MT,Ignis,485000.0,24000.0,Petrol,Chennai,9
1189,2018,Maruti Suzuki,Maruti Suzuki Baleno Zeta,Baleno,690000.0,35000.0,Petrol,Chennai,8
1190,2018,Honda,Honda Jazz V Diesel,Jazz,750000.0,29000.0,Diesel,Chennai,8
1191,2018,Honda,Honda City VX Diesel,City,990000.0,41000.0,Diesel,Chennai,8
1192,2019,Renault,Renault Duster 85 PS RXS 4X2 MT Diesel,Duster,1090000.0,16000.0,Diesel,Chennai,7
1193,2017,Ford,Ford EcoSport Titanium 1.5L TDCi,EcoSport,850000.0,44000.0,Diesel,Chennai,9
1194,2018,Toyota,Toyota Innova Crysta 2.4 VX 8 STR [2016-2020],Innova,2050000.0,41000.0,Diesel,Chennai,8
1195,2015,Jaguar,Jaguar XF 2.2 Diesel,XF,2200000.0,77000.0,Diesel,Chennai,11
1196,2014,BMW,BMW X1 sDrive20d,X1,1450000.0,63000.0,Diesel,Chennai,12
1197,2010,Skoda,Skoda Superb Elegance 2.0 TDI CR AT,Superb,600000.0,104000.0,Diesel,Chennai,16
1198,2017,Skoda,Skoda Rapid Ambition 1.5 TDI,Rapid,735000.0,112000.0,Diesel,Chennai,9
1199,2012,Toyota,Toyota Innova 2.5 VX 8 STR BS-IV,Innova,1190000.0,93000.0,Diesel,Chennai,14
1200,2017,Skoda,Skoda Octavia 2.0 TDI CR Style Plus AT [2017],Octavia,2000000.0,30000.0,Diesel,Chennai,9
1201,2019,Skoda,Skoda Rapid ONYX 1.5 TDI LE,Rapid,1090000.0,30000.0,Diesel,Chennai,7
1202,2020,Volkswagen,Volkswagen Polo Highline Plus 1.2( P)16 Alloy [2017-2018],Polo,775000.0,16000.0,Petrol,Chennai,6
1203,2018,Toyota,Toyota Fortuner 2.8 4x2 AT [2016-2020],Fortuner,2700000.0,100000.0,Diesel,Chennai,8
1204,2018,Toyota,Toyota Innova Crysta 2.4 VX 8 STR [2016-2020],Innova,2050000.0,42500.0,Diesel,Chennai,8
1205,2017,Toyota,Toyota Fortuner 2.8 4x2 MT [2016-2020],Fortuner,2800000.0,420000.0,Diesel,Chennai,9
1206,2012,Mercedes-Benz,Mercedes-Benz C-Class 250 CDI Elegance,C-Class,1450000.0,48000.0,Diesel,Chennai,14
1207,2011,BMW,BMW 3 Series 320d,3,1275000.0,64000.0,Diesel,Chennai,15
1208,2018,Toyota,Toyota Fortuner 2.8 4x2 AT [2016-2020],Fortuner,2700000.0,100000.0,Diesel,Chennai,8
1209,2018,Toyota,Toyota Innova Crysta 2.4 VX 8 STR [2016-2020],Innova,2050000.0,42500.0,Diesel,Chennai,8
1210,2016,Mercedes-Benz,Mercedes-Benz GLS 350 d,GLS,5200000.0,82420.0,Diesel,Chennai,10
1211,2011,Mercedes-Benz,Mercedes-Benz C-Class 220 CDI Sport,C-Class,1150000.0,73000.0,Diesel,Chennai,15
1212,2018,Mercedes-Benz,Mercedes-Benz CLA 200 CDI Sport,CLA,3200000.0,15600.0,Diesel,Chennai,8
1213,2015,Audi,Audi A3 35 TDI Premium + Sunroof,A3,1850000.0,58600.0,Diesel,Chennai,11
1214,2019,Mercedes-Benz,Mercedes-Benz GLS 350 d,GLS,7200000.0,58548.0,Diesel,Chennai,7
1215,2015,BMW,BMW 3 Series 320d Prestige,3,2200000.0,22261.0,Diesel,Chennai,11
1216,2018,Land Rover,Land Rover Discovery Sport HSE,Discovery,4400000.0,28800.0,Diesel,Chennai,8
1217,2017,Skoda,Skoda Octavia 2.0 TDI CR Style Plus AT [2017],Octavia,2000000.0,30000.0,Diesel,Chennai,9
1218,2017,Honda,Honda WR-V VX MT Diesel,WR-V,875000.0,43000.0,Diesel,Chennai,9
1219,2012,Audi,Audi A6 2.0 TDI Premium,A6,1700000.0,76000.0,Diesel,Chennai,14
1220,2009,Audi,Audi A4 2.0 TFSI,A4,1025000.0,65000.0,Petrol,Chennai,17
1221,2014,Honda,Honda City VX (O) MT,City,785000.0,20000.0,Petrol,Chennai,12
1222,2016,BMW,BMW X1 sDrive20d xLine,X1,2600000.0,36000.0,Diesel,Chennai,10
1223,2014,Ford,Ford EcoSport Titanium 1.0 Ecoboost,EcoSport,525000.0,73000.0,Petrol,Chennai,12
1224,2016,Hyundai,Hyundai Elite i20 Asta 1.2 (O) [2016],Elite,675000.0,12000.0,Petrol,Chennai,10
1225,2019,Ford,Ford EcoSport Titanium 1.5 Ti-VCT AT,EcoSport,850000.0,23000.0,Petrol,Chennai,7
1226,2020,Audi,Audi A4 35 TDI Premium Plus,A4,4400000.0,16000.0,Diesel,Chennai,6
1227,2013,Audi,Audi A6 35 TDI Premium,A6,2100000.0,40000.0,Diesel,Chennai,13
1228,2012,BMW,BMW 5 Series 520d Sedan,5,1800000.0,82000.0,Diesel,Chennai,14
1229,2019,Mahindra,Mahindra Alturas G4 2WD AT [2018-2020],Alturas,2700000.0,30000.0,Diesel,Chennai,7
1230,2017,Mercedes-Benz,Mercedes-Benz E-Class E 220 d Avantgarde,E-Class,4500000.0,17000.0,Diesel,Chennai,9
1231,2013,Honda,Honda Amaze 1.5 S i-DTEC,Amaze,425000.0,100000.0,Diesel,Chennai,13
1232,2013,Hyundai,Hyundai i20 Magna 1.4 CRDI,i20,410000.0,83000.0,Diesel,Chennai,13
1233,2018,Hyundai,Hyundai Verna 1.6 CRDI SX (O),Verna,1250000.0,38000.0,Diesel,Chennai,8
1234,2012,Honda,Honda City 1.5 E MT,City,525000.0,40000.0,Petrol,Chennai,14
1235,2016,BMW,BMW 7 Series 730Ld DPE (CBU),7,5650000.0,54000.0,Diesel,Chennai,10
1236,2014,BMW,BMW 3 Series 320d Sport Line,3,2250000.0,55000.0,Diesel,Chennai,12
1237,2021,Ford,Ford Endeavour Titanium Plus 2.0 4x4 AT,Endeavour,3850000.0,8000.0,Diesel,Chennai,5
1238,2014,Fiat,Fiat Abarth 595 Competizione,Abarth,2000000.0,18000.0,Petrol,Chennai,12
1239,2019,Honda,Honda Jazz VX CVT Petrol,Jazz,900000.0,11505.0,Petrol,Chennai,7
1240,2018,Toyota,Toyota Innova Crysta 2.4 VX 7 STR [2016-2020],Innova,2150000.0,7686.0,Diesel,Chennai,8
1241,2019,Honda,Honda Jazz VX Petrol,Jazz,900000.0,1664.0,Petrol,Chennai,7
1242,2016,Hyundai,Hyundai Creta 1.6 SX,Creta,1090000.0,69138.0,Diesel,Chennai,10
1243,2020,Toyota,Toyota Innova Crysta 2.4 ZX AT 7 STR,Innova,2790000.0,2762.0,Diesel,Chennai,6
1244,2017,Honda,Honda WR-V VX MT Petrol,WR-V,800000.0,4593.0,Petrol,Chennai,9
1245,2015,Maruti Suzuki,Maruti Suzuki Ertiga VDi,Ertiga,725000.0,75000.0,Diesel,Chennai,11
1246,2013,Toyota,Toyota Innova 2.5 VX 8 STR BS-III,Innova,1100000.0,107000.0,Diesel,Chennai,13
1247,2016,Honda,Honda City SV Diesel,City,810000.0,62000.0,Diesel,Chennai,10
1248,2008,Hyundai,Hyundai Santro Xing GLS,Santro,170000.0,63000.0,Petrol,Chennai,18
1249,2014,Renault,Renault Duster RXL Petrol,Duster,565000.0,25000.0,Petrol,Chennai,12
1250,2015,Hyundai,Hyundai i10 Sportz 1.1 iRDE2 [2010--2017],i10,400000.0,40000.0,Petrol,Chennai,11
1251,2018,Hyundai,Hyundai Verna 1.6 CRDI SX,Verna,1025000.0,40000.0,Diesel,Chennai,8
1252,2010,Tata,Tata Nano LX,Nano,80000.0,10001.0,Petrol,Chennai,16
1253,2019,Hyundai,Hyundai Verna 1.6 VTVT SX (O),Verna,1195000.0,10000.0,Petrol,Chennai,7
1254,2016,Mahindra,Mahindra TUV300 T8 AMT mHAWK100,TUV300,875000.0,38000.0,Diesel,Chennai,10
1255,2019,Maruti Suzuki,Maruti Suzuki Vitara Brezza ZDi+ Dual Tone [2017-2018],Vitara,1150000.0,14000.0,Diesel,Chennai,7
1256,2019,Honda,Honda Jazz VX Petrol,Jazz,790000.0,11000.0,Petrol,Chennai,7
1257,2018,Mahindra,Mahindra XUV500 W5 [2018-2020],XUV500,1290000.0,29000.0,Diesel,Chennai,8
1258,2020,Mahindra,Mahindra XUV300 1.2 W6 [2019-2019],XUV300,990000.0,2000.0,Petrol,Chennai,6
1259,2019,Hyundai,Hyundai Verna EX 1.4 VTVT,Verna,925000.0,24800.0,Petrol,Chennai,7
1260,2020,Mahindra,Mahindra XUV300 1.5 W8 (O) AMT [2019-2020],XUV300,1390000.0,25000.0,Diesel,Chennai,6
1261,2017,Honda,Honda WR-V VX MT Diesel,WR-V,875000.0,46000.0,Diesel,Chennai,9
1262,2018,Ford,Ford EcoSport Titanium + 1.5L TDCi,EcoSport,1090000.0,20000.0,Diesel,Chennai,8
1263,2020,Mahindra,Mahindra XUV300 1.5 W8 (O) AMT [2019-2020],XUV300,1390000.0,25000.0,Diesel,Chennai,6
1264,2018,Ford,Ford EcoSport Titanium + 1.5L TDCi,EcoSport,1090000.0,20000.0,Diesel,Chennai,8
1265,2021,Ford,Ford Endeavour Titanium Plus 2.0 4x4 AT,Endeavour,3850000.0,8000.0,Diesel,Chennai,5
1266,2017,Honda,Honda WR-V VX MT Diesel,WR-V,875000.0,46000.0,Diesel,Chennai,9
1267,2019,Hyundai,Hyundai Verna 1.6 VTVT SX (O),Verna,1195000.0,10000.0,Petrol,Chennai,7
1268,2019,Skoda,Skoda Rapid Monte Carlo 1.6 MPI MT,Rapid,1175000.0,10000.0,Petrol,Chennai,7
1269,2019,Jeep,Jeep Compass Limited Plus Petrol AT [2018-2020],Compass,2190000.0,24000.0,Petrol,Chennai,7
1270,2018,Mahindra,Mahindra XUV500 W5 [2018-2020],XUV500,1290000.0,29000.0,Diesel,Chennai,8
1271,2019,Hyundai,Hyundai Verna EX 1.4 VTVT,Verna,925000.0,24800.0,Petrol,Chennai,7
1272,2020,Mahindra,Mahindra XUV300 1.2 W6 [2019-2019],XUV300,990000.0,2000.0,Petrol,Chennai,6
1273,2014,Honda,Honda City VX CVT,City,790000.0,20000.0,Petrol,Chennai,12
1274,2015,Volkswagen,Volkswagen Vento Highline Diesel,Vento,620000.0,54000.0,Diesel,Chennai,11
1275,2010,Maruti Suzuki,Maruti Suzuki Ritz VXI BS-IV,Ritz,285000.0,72000.0,Petrol,Chennai,16
1276,2014,Audi,Audi A4 2.0 TDI (177bhp) Premium,A4,1850000.0,72000.0,Diesel,Chennai,12
1277,2016,Hyundai,Hyundai Elite i20 Asta 1.2 [2016-2017],Elite,630000.0,5700.0,Petrol,Chennai,10
1278,2014,Mahindra,Mahindra Bolero SLX BS IV,Bolero,540000.0,180000.0,Diesel,Chennai,12
1279,2018,Hyundai,Hyundai Creta S 1.6 AT CRDi,Creta,1250000.0,40000.0,Diesel,Chennai,8
1280,2013,Ford,Ford EcoSport Titanium 1.5 Ti-VCT AT,EcoSport,650000.0,60000.0,Petrol,Chennai,13
1281,2012,Honda,Honda City 1.5 E MT,City,525000.0,40000.0,Petrol,Chennai,14
1282,2012,Honda,Honda City 1.5 V AT,City,750000.0,65000.0,Petrol,Chennai,14
1283,2011,Honda,Honda City 1.5 S AT,City,490000.00000000006,80000.0,Petrol,Chennai,15
1284,2019,Hyundai,Hyundai Elite i20 Magna Plus 1.2 [2019-2020],Elite,625000.0,33000.0,Petrol,Chennai,7
1285,2020,Renault,Renault Kwid 1.0 RXT AMT Opt [2016-2019],Kwid,530000.0,11500.0,Petrol,Chennai,6
1286,2019,Volvo,Volvo XC60 Inscription [2017-2020],XC60,5600000.0,40000.0,Diesel,Chennai,7
1287,2019,Volvo,Volvo XC60 Inscription [2017-2020],XC60,5600000.0,40000.0,Diesel,Chennai,7
1288,2020,Renault,Renault Kwid 1.0 RXT AMT Opt [2016-2019],Kwid,530000.0,11500.0,Petrol,Chennai,6
1289,2010,Mercedes-Benz,Mercedes-Benz S-Class 350 CDI L,S-Class,2400000.0,57000.0,Diesel,Chennai,16
1290,2005,Mercedes-Benz,Mercedes-Benz C-Class 200 K AT,C-Class,550000.0,74000.0,Petrol,Chennai,21
1291,2011,Mercedes-Benz,Mercedes-Benz C-Class 250 CDI,C-Class,1250000.0,97000.0,Diesel,Chennai,15
1292,2007,Honda,Honda CR-V 2.4 MT,CR-V,475000.0,120000.0,Petrol,Chennai,19
1293,2021,Hyundai,Hyundai Venue SX 1.0 Turbo iMT,Venue,1050000.0,2000.0,Petrol,Chennai,5
1294,2016,Hyundai,Hyundai Elite i20 Asta 1.2 [2016-2017],Elite,630000.0,57000.0,Petrol,Chennai,10
1295,2014,Jaguar,Jaguar XF 2.2 Diesel,XF,2200000.0,78000.0,Diesel,Chennai,12
1296,2019,Volkswagen,Volkswagen Passat Highline,Passat,2850000.0,25000.0,Diesel,Chennai,7
1297,2015,Volkswagen,Volkswagen Vento Highline Petrol AT,Vento,600000.0,66000.0,Petrol,Chennai,11
1298,2016,BMW,BMW 7 Series 730Ld DPE (CBU),7,5650000.0,54000.0,Diesel,Chennai,10
1299,2012,Maruti Suzuki,Maruti Suzuki Wagon R 1.0 VXi,Wagon,300000.0,76000.0,Petrol,Chennai,14
1300,2019,Maruti Suzuki,Maruti Suzuki Alto K10 VXi,Alto,390000.0,13000.0,Petrol,Chennai,7
1301,2018,Maruti Suzuki,Maruti Suzuki Ciaz Alpha 1.4 AT,Ciaz,950000.0,25000.0,Petrol,Chennai,8
1302,2012,Hyundai,Hyundai i20 Magna 1.2,i20,375000.0,66000.0,Petrol,Chennai,14
1303,2014,Volkswagen,Volkswagen Vento Highline Diesel,Vento,575000.0,86000.0,Diesel,Chennai,12
1304,2018,Jeep,Jeep Compass Longitude (O) 2.0 Diesel [2017-2020],Compass,1650000.0,39500.0,Diesel,Chennai,8
1305,2004,Toyota,Toyota Camry ACV30R,Camry,500000.0,70500.0,Petrol,Chennai,22
1306,2011,Audi,Audi A4 2.0 TDI (177bhp) Premium,A4,1200000.0,44000.0,Diesel,Chennai,15
1307,2011,Honda,Honda Accord 2.4 AT,Accord,750000.0,65000.0,Petrol,Chennai,15
1308,2015,Volkswagen,Volkswagen Polo GT TSI,Polo,700000.0,50000.0,Petrol,Chennai,11
1309,2014,BMW,BMW 3 Series 320d Sport Line,3,2250000.0,55000.0,Diesel,Chennai,12
1310,2019,BMW,BMW 5 Series 520d Luxury Line [2017-2019],5,5190000.0,53000.0,Diesel,Chennai,7
1311,2019,Maruti Suzuki,Maruti Suzuki Alto K10 VXi,Alto,390000.0,13000.0,Petrol,Chennai,7
1312,2012,Maruti Suzuki,Maruti Suzuki Wagon R 1.0 VXi,Wagon,300000.0,76000.0,Petrol,Chennai,14
1313,2017,Land Rover,Land Rover Range Rover Evoque HSE,Evoque,3550000.0,80400.0,Diesel,Chennai,9
1314,2007,BMW,BMW 6 Series 645i,6,1800000.0,30900.0,Petrol,Chennai,19
1315,2015,BMW,BMW 7 Series 730Ld,7,3800000.0,40500.0,Diesel,Chennai,11
1316,2018,BMW,BMW 5 Series 520d Luxury Line [2017-2019],5,4900000.0,39000.0,Diesel,Chennai,8
1317,2014,BMW,BMW 3 Series 320d Luxury Line,3,2250000.0,55000.0,Diesel,Chennai,12
1318,2014,Mahindra,Mahindra XUV500 W8 AWD,XUV500,1050000.0,58200.0,Diesel,Chennai,12
1319,2019,Volkswagen,Volkswagen Passat Highline,Passat,2850000.0,25000.0,Diesel,Chennai,7
1320,2012,Toyota,Toyota Innova 2.5 V 7 STR,Innova,1200000.0,108000.0,Diesel,Chennai,14
1321,2012,Hyundai,Hyundai i20 Magna 1.2,i20,375000.0,66000.0,Petrol,Chennai,14
1322,2012,Honda,Honda City 1.5 V MT,City,550000.0,55000.0,Petrol,Chennai,14
1323,2011,Volvo,Volvo XC60 D5 AWD AT,XC60,1150000.0,80000.0,Diesel,Chennai,15
1324,2019,Toyota,Toyota Innova Crysta 2.4 VX 8 STR [2016-2020],Innova,2175000.0,39900.0,Diesel,Chennai,7
1325,2013,Volkswagen,Volkswagen Vento Highline Petrol,Vento,475000.0,66000.0,Petrol,Chennai,13
1326,2016,Maruti Suzuki,Maruti Suzuki Swift ZXi,Swift,610000.0,15000.0,Petrol,Chennai,10
1327,2015,Hyundai,Hyundai Creta 1.6 S Plus AT,Creta,950000.0,79900.0,Diesel,Chennai,11
1328,2011,Hyundai,Hyundai i10 Asta 1.2 AT with Sunroof,i10,360000.0,22000.0,Petrol,Chennai,15
1329,2012,Audi,Audi A6 3.0 TDI quattro Premium Plus,A6,1450000.0,55000.0,Diesel,Chennai,14
1330,2016,Honda,Honda City V,City,790000.0,45000.0,Petrol,Chennai,10
1331,2019,Mahindra,Mahindra XUV500 W9 1.99,XUV500,1650000.0,19900.0,Diesel,Chennai,7
1332,2019,Hyundai,Hyundai Verna Fluidic 1.6 VTVT SX Opt AT,Verna,1300000.0,4000.0,Petrol,Chennai,7
1333,2012,Mercedes-Benz,Mercedes-Benz GL 350 CDI BlueEFFICIENCY,GL,2400000.0,148000.0,Diesel,Chennai,14
1334,2018,Hyundai,Hyundai Elite i20 Magna Executive 1.2,Elite,650000.0,18000.0,Petrol,Chennai,8
1335,2019,Mahindra,Mahindra XUV500 W9 1.99,XUV500,1650000.0,19900.0,Diesel,Chennai,7
1336,2012,Mahindra,Mahindra XUV500 W8 AWD,XUV500,800000.0,85000.0,Diesel,Chennai,14
1337,2013,Audi,Audi Q7 3.0 TDI quattro Premium Plus,Q7,2150000.0,83000.0,Diesel,Chennai,13
1338,2016,Honda,Honda City V,City,790000.0,45000.0,Petrol,Chennai,10
1339,2014,Hyundai,Hyundai Elite i20 Magna 1.4 CRDI,Elite,550000.0,52000.0,Diesel,Chennai,12
1340,2016,Maruti Suzuki,Maruti Suzuki Celerio ZXi,Celerio,425000.0,35000.0,Petrol,Chennai,10
1341,2016,Toyota,Toyota Innova Crysta 2.4 VX 7 STR [2016-2020],Innova,1700000.0,79900.0,Diesel,Chennai,10
1342,2012,Audi,Audi A6 3.0 TDI quattro Premium Plus,A6,1450000.0,55000.0,Diesel,Chennai,14
1343,2018,Renault,Renault Duster 110 PS RXZ 4X2 AMT Diesel,Duster,925000.0,50000.0,Diesel,Chennai,8
1344,2015,Toyota,Toyota Innova 2.5 GX BS III 8 STR,Innova,1350000.0,85000.0,Diesel,Chennai,11
1345,2015,Mercedes-Benz,Mercedes-Benz C-Class C 220 CDI Avantgarde,C-Class,2350000.0,43000.0,Diesel,Chennai,11
1346,2012,Mercedes-Benz,Mercedes-Benz GL 350 CDI BlueEFFICIENCY,GL,2400000.0,148000.0,Diesel,Chennai,14
1347,2015,Hyundai,Hyundai Elite i20 Sportz 1.2,Elite,575000.0,39000.0,Petrol,Chennai,11
1348,2018,Hyundai,Hyundai Verna SX Plus 1.6 VTVT AT,Verna,1200000.0,19900.0,Petrol,Chennai,8
1349,2017,Maruti Suzuki,Maruti Suzuki Celerio ZXi AMT [2017-2019],Celerio,470000.0,51000.0,Petrol,Chennai,9
1350,2017,Land Rover,Land Rover Range Rover Evoque HSE,Evoque,3500000.0,30980.0,Diesel,Chennai,9
1351,2016,Audi,Audi Q3 30 TDI S,Q3,1395000.0,72000.0,Diesel,Chennai,10
1352,2014,BMW,BMW 5 Series 520d Luxury Line [2017-2019],5,2800000.0,27000.0,Diesel,Chennai,12
1353,2018,Hyundai,Hyundai Elite i20 Magna Executive 1.2,Elite,650000.0,18000.0,Petrol,Chennai,8
1354,2015,Maruti Suzuki,Maruti Suzuki Ciaz ZXi,Ciaz,675000.0,62000.0,Petrol,Chennai,11
1355,2016,Hyundai,Hyundai Creta 1.4 S,Creta,770000.0,175000.0,Diesel,Chennai,10
1356,2011,Nissan,Nissan Micra XE Petrol,Micra,225000.0,51000.0,Petrol,Chennai,15
1357,2016,Hyundai,Hyundai Creta 1.4 S,Creta,925000.0,40000.0,Diesel,Chennai,10
1358,2019,Hyundai,Hyundai Venue SX Plus 1.0 Turbo DCT,Venue,1125000.0,14000.0,Petrol,Chennai,7
1359,2016,Ford,Ford EcoSport Titanium 1.5L Ti-VCT AT,EcoSport,680000.0,69000.0,Petrol,Chennai,10
1360,2011,Nissan,Nissan Micra XE Petrol,Micra,225000.0,51000.0,Petrol,Chennai,15
1361,2016,Hyundai,Hyundai Creta 1.4 S,Creta,925000.0,40000.0,Diesel,Chennai,10
1362,2017,Hyundai,Hyundai Grand i10 Era U2 1.2 CRDi,Grand,380000.0,62000.0,Diesel,Chennai,9
1363,2018,Maruti Suzuki,Maruti Suzuki Ciaz Zeta 1.4 AT,Ciaz,825000.0,22000.0,Petrol,Chennai,8
1364,2020,Toyota,Toyota Innova Crysta 2.4 VX 7 STR [2016-2020],Innova,2550000.0,9500.0,Diesel,Chennai,6
1365,2015,Volkswagen,Volkswagen Vento Highline Petrol AT,Vento,700000.0,60000.0,Petrol,Chennai,11
1366,2012,Land Rover,Land Rover Range Rover Evoque Dynamic SD4,Evoque,2350000.0,63000.0,Diesel,Chennai,14
1367,2012,Hyundai,Hyundai i20 Magna 1.2,i20,375000.0,66000.0,Petrol,Chennai,14
1368,2018,Audi,Audi Q3 35 TDI quattro Premium Plus,Q3,2650000.0,81296.0,Diesel,Chennai,8
1369,2017,Maruti Suzuki,Maruti Suzuki Baleno Zeta 1.2,Baleno,650000.0,32000.0,Petrol,Chennai,9
1370,2012,Mercedes-Benz,Mercedes-Benz C-Class C 250 CDI BlueEFFICIENCY,C-Class,1400000.0,87500.0,Diesel,Chennai,14
1371,2017,Maruti Suzuki,Maruti Suzuki Ertiga ZDI + SHVS,Ertiga,910000.0,48000.0,Diesel,Chennai,9
1372,2019,Hyundai,Hyundai Venue SX Plus 1.0 Turbo DCT,Venue,1125000.0,14000.0,Petrol,Chennai,7
1373,2012,Hyundai,Hyundai Verna Fluidic 1.6 CRDi SX Opt,Verna,550000.0,52000.0,Diesel,Chennai,14
1374,2018,Hyundai,Hyundai Verna 1.6 CRDI SX (O),Verna,1250000.0,38000.0,Diesel,Chennai,8
1375,2017,Hyundai,Hyundai Elite i20 Asta 1.4 CRDI,Elite,750000.0,40000.0,Diesel,Chennai,9
1376,2019,Hyundai,Hyundai Creta EX 1.4 CRDi,Creta,990000.0,58000.0,Diesel,Chennai,7
1377,2011,Toyota,Toyota Innova 2.5 VX 8 STR BS-IV,Innova,869999.9999999999,120000.0,Diesel,Chennai,15
1378,2018,Maruti Suzuki,Maruti Suzuki Ciaz Delta Hybrid 1.5 [2018-2020],Ciaz,869999.9999999999,38000.0,Petrol,Chennai,8
1379,2015,Hyundai,Hyundai i10 1.1L iRDE Magna Special Edition,i10,325000.0,54000.0,Petrol,Chennai,11
1380,2015,Mahindra,Mahindra Thar CRDe 4x4 AC,Thar,750000.0,64000.0,Diesel,Chennai,11
1381,2012,BMW,BMW X1 sDrive20d,X1,1385000.0,59000.0,Diesel,Chennai,14
1382,2010,Maruti Suzuki,Maruti Suzuki SX4 VXi,SX4,240000.0,90000.0,Petrol,Chennai,16
1383,2008,Hyundai,Hyundai i10 Sportz 1.2,i10,250000.0,73000.0,Petrol,Chennai,18
1384,2016,Ford,Ford Figo Titanium1.5 TDCi,Figo,475000.0,40000.0,Diesel,Chennai,10
1385,2016,Ford,Ford Endeavour Titanium 3.2 4x4 AT,Endeavour,2225000.0,65000.0,Diesel,Chennai,10
1386,2016,Renault,Renault Duster 110 PS RXZ 4X2 MT Diesel,Duster,690000.0,70000.0,Diesel,Chennai,10
1387,2014,Hyundai,Hyundai Elite i20 Era 1.2,Elite,515000.00000000006,29000.0,Petrol,Chennai,12
1388,2015,Hyundai,Hyundai i10 1.1L iRDE Magna Special Edition,i10,325000.0,54000.0,Petrol,Chennai,11
1389,2019,Kia,Kia Seltos GTX 1.4 Dual Tone,Seltos,1590000.0,7000.0,Petrol,Chennai,7
1390,2019,Ford,Ford EcoSport Titanium 1.5L TDCi,EcoSport,890000.0,45000.0,Diesel,Chennai,7
1391,2016,Ford,Ford Endeavour Titanium 3.2 4x4 AT,Endeavour,2090000.0,74000.0,Diesel,Chennai,10
1392,2012,Mahindra,Mahindra XUV500 W8,XUV500,750000.0,130000.0,Diesel,Chennai,14
1393,2016,Ford,Ford EcoSport Titanium 1.5L TDCi,EcoSport,575000.0,68000.0,Diesel,Chennai,10
1394,2017,Honda,Honda Jazz V Petrol,Jazz,725000.0,13000.0,Petrol,Chennai,9
1395,2016,Mahindra,Mahindra TUV300 T8,TUV300,675000.0,64000.0,Diesel,Chennai,10
1396,2011,Ford,Ford Endeavour 2.5L 4x2,Endeavour,950000.0,60000.0,Diesel,Chennai,15
1397,2017,Hyundai,Hyundai Grand i10 Sportz AT 1.2 Kappa VTVT,Grand,550000.0,44000.0,Petrol,Chennai,9
1398,2017,Ford,Ford Endeavour Trend 3.2 4x4 AT,Endeavour,2290000.0,61000.0,Diesel,Chennai,9
1399,2014,Toyota,Toyota Innova 2.5 G 7 STR BS-IV,Innova,1149000.0,112000.0,Diesel,Chennai,12
1400,2012,BMW,BMW X1 sDrive20d,X1,1385000.0,59000.0,Diesel,Chennai,14
1401,2017,Ford,Ford Endeavour Trend 3.2 4x4 AT,Endeavour,2400000.0,90000.0,Diesel,Chennai,9
1402,2012,Mahindra,Mahindra Scorpio SLE 2.6 CRDe,Scorpio,650000.0,135000.0,Diesel,Chennai,14
1403,2016,BMW,BMW X3 xDrive-20d xLine,X3,3400000.0,40000.0,Diesel,Chennai,10
1404,2013,Toyota,Toyota Innova 2.5 V 7 STR,Innova,1250000.0,130000.0,Diesel,Chennai,13
1405,2019,Maruti Suzuki,Maruti Suzuki Swift Dzire LDI,Swift,600000.0,62000.0,Diesel,Chennai,7
1406,2017,Hyundai,Hyundai Grand i10 Magna 1.1 CRDi [2016-2017],Grand,380000.0,65000.0,Diesel,Chennai,9
1407,2012,Toyota,Toyota Corolla Altis G Diesel,Corolla,650000.0,77000.0,Diesel,Chennai,14
1408,2013,Skoda,Skoda Laura Ambition 1.8 TSI,Laura,625000.0,106000.0,Petrol,Chennai,13
1409,2016,Ford,Ford EcoSport Titanium 1.5L TDCi,EcoSport,750000.0,34000.0,Diesel,Chennai,10
1410,2015,Audi,Audi A8 L 3.0 TDI quattro,A8,4500000.0,57700.0,Diesel,Chennai,11
1411,2018,Toyota,Toyota Innova Crysta 2.8 ZX AT 7 STR [2016-2020],Innova,2300000.0,40000.0,Diesel,Chennai,8
1412,2017,Hyundai,Hyundai Grand i10 Magna 1.1 CRDi [2016-2017],Grand,380000.0,65000.0,Diesel,Chennai,9
1413,2020,Hyundai,Hyundai Tucson GL 2WD AT Petrol,Tucson,2500000.0,4500.0,Petrol,Chennai,6
1414,2015,Hyundai,Hyundai Eon D-Lite +,Eon,320000.0,36000.0,Petrol,Chennai,11
1415,2019,Hyundai,Hyundai Creta SX 1.6 AT Petrol,Creta,1380000.0,32000.0,Petrol,Chennai,7
1416,2015,Hyundai,Hyundai Grand i10 Asta 1.1 CRDi [2013-2016],Grand,445000.0,65000.0,Diesel,Chennai,11
1417,2019,Maruti Suzuki,Maruti Suzuki Swift Dzire LDI,Swift,600000.0,62000.0,Diesel,Chennai,7
1418,2017,Volvo,Volvo S60 Polestar [2017-2020],S60,3950000.0,49855.0,Petrol,Chennai,9
1419,2017,Ford,Ford Mustang GT Fastback 5.0L v8,Mustang,6500000.0,11100.0,Petrol,Chennai,9
1420,2016,BMW,BMW X1 sDrive20d xLine,X1,2600000.0,37000.0,Diesel,Chennai,10
1421,2016,Jaguar,Jaguar XF 3.0 V6 Premium Luxury,XF,2850000.0,63000.0,Diesel,Chennai,10
1422,2013,Mercedes-Benz,Mercedes-Benz M-Class ML 350 CDI,M-Class,2400000.0,120000.0,Diesel,Chennai,13
1423,2017,Maruti Suzuki,Maruti Suzuki Ciaz Zeta 1.4 AT,Ciaz,785000.0,49000.0,Petrol,Chennai,9
1424,2017,Hyundai,Hyundai Verna 1.6 VTVT SX,Verna,875000.0,10001.0,Petrol,Chennai,9
1425,2015,Audi,Audi Q3 35 TDI Premium Plus,Q3,2200000.0,76000.0,Diesel,Chennai,11
1426,2011,Toyota,Toyota Innova 2.5 E 7 STR,Innova,1000000.0,190000.0,Diesel,Chennai,15
1427,2017,Volkswagen,Volkswagen Polo Highline1.0L (P),Polo,585000.0,38000.0,Petrol,Chennai,9
1428,2020,Kia,Kia Sonet GTX Plus 1.0 iMT [2020-2021],Sonet,1450000.0,3000.0,Petrol,Chennai,6
1429,2017,Hyundai,Hyundai Creta SX Plus 1.6 Petrol,Creta,1025000.0,37000.0,Petrol,Chennai,9
1430,2019,Hyundai,Hyundai Verna 1.6 VTVT SX,Verna,995000.0,17000.0,Petrol,Chennai,7
1431,2020,BMW,BMW X4 M [2019],X4,6800000.0,20000.0,Petrol,Chennai,6
1432,2017,Tata,Tata Hexa XT 4x4 7 STR,Hexa,1075000.0,85000.0,Diesel,Chennai,9
1433,2012,Renault,Renault Duster 110 PS RxL Diesel,Duster,525000.0,65000.0,Diesel,Chennai,14
1434,2015,Skoda,Skoda Rapid 1.5 TDI CR Elegance AT,Rapid,790000.0,57000.0,Diesel,Chennai,11
1435,2017,Maruti Suzuki,Maruti Suzuki Ignis Zeta 1.2 MT,Ignis,485000.0,24000.0,Petrol,Chennai,9
1436,2018,Maruti Suzuki,Maruti Suzuki Baleno Zeta,Baleno,690000.0,35000.0,Petrol,Chennai,8
1437,2018,Honda,Honda Jazz V Diesel,Jazz,750000.0,29000.0,Diesel,Chennai,8
1438,2018,Honda,Honda City VX Diesel,City,990000.0,41000.0,Diesel,Chennai,8
1439,2019,Renault,Renault Duster 85 PS RXS 4X2 MT Diesel,Duster,1090000.0,16000.0,Diesel,Chennai,7
1440,2017,Ford,Ford EcoSport Titanium 1.5L TDCi,EcoSport,850000.0,44000.0,Diesel,Chennai,9
1441,2018,Toyota,Toyota Innova Crysta 2.4 VX 8 STR [2016-2020],Innova,2050000.0,41000.0,Diesel,Chennai,8
1442,2015,Jaguar,Jaguar XF 2.2 Diesel,XF,2200000.0,77000.0,Diesel,Chennai,11
1443,2014,BMW,BMW X1 sDrive20d,X1,1450000.0,63000.0,Diesel,Chennai,12
1444,2010,Skoda,Skoda Superb Elegance 2.0 TDI CR AT,Superb,600000.0,104000.0,Diesel,Chennai,16
1445,2017,Skoda,Skoda Rapid Ambition 1.5 TDI,Rapid,735000.0,112000.0,Diesel,Chennai,9
1446,2012,Toyota,Toyota Innova 2.5 VX 8 STR BS-IV,Innova,1190000.0,93000.0,Diesel,Chennai,14
1447,2017,Skoda,Skoda Octavia 2.0 TDI CR Style Plus AT [2017],Octavia,2000000.0,30000.0,Diesel,Chennai,9
1448,2019,Skoda,Skoda Rapid ONYX 1.5 TDI LE,Rapid,1090000.0,30000.0,Diesel,Chennai,7
1449,2020,Volkswagen,Volkswagen Polo Highline Plus 1.2( P)16 Alloy [2017-2018],Polo,775000.0,16000.0,Petrol,Chennai,6
1450,2018,Toyota,Toyota Fortuner 2.8 4x2 AT [2016-2020],Fortuner,2700000.0,100000.0,Diesel,Chennai,8
1451,2018,Toyota,Toyota Innova Crysta 2.4 VX 8 STR [2016-2020],Innova,2050000.0,42500.0,Diesel,Chennai,8
1452,2017,Toyota,Toyota Fortuner 2.8 4x2 MT [2016-2020],Fortuner,2800000.0,420000.0,Diesel,Chennai,9
1453,2012,Mercedes-Benz,Mercedes-Benz C-Class 250 CDI Elegance,C-Class,1450000.0,48000.0,Diesel,Chennai,14
1454,2011,BMW,BMW 3 Series 320d,3,1275000.0,64000.0,Diesel,Chennai,15
1455,2018,Toyota,Toyota Fortuner 2.8 4x2 AT [2016-2020],Fortuner,2700000.0,100000.0,Diesel,Chennai,8
1456,2018,Toyota,Toyota Innova Crysta 2.4 VX 8 STR [2016-2020],Innova,2050000.0,42500.0,Diesel,Chennai,8
1457,2016,Mercedes-Benz,Mercedes-Benz GLS 350 d,GLS,5200000.0,82420.0,Diesel,Chennai,10
1458,2011,Mercedes-Benz,Mercedes-Benz C-Class 220 CDI Sport,C-Class,1150000.0,73000.0,Diesel,Chennai,15
1459,2018,Mercedes-Benz,Mercedes-Benz CLA 200 CDI Sport,CLA,3200000.0,15600.0,Diesel,Chennai,8
1460,2015,Audi,Audi A3 35 TDI Premium + Sunroof,A3,1850000.0,58600.0,Diesel,Chennai,11
1461,2019,Mercedes-Benz,Mercedes-Benz GLS 350 d,GLS,7200000.0,58548.0,Diesel,Chennai,7
1462,2015,BMW,BMW 3 Series 320d Prestige,3,2200000.0,22261.0,Diesel,Chennai,11
1463,2018,Land Rover,Land Rover Discovery Sport HSE,Discovery,4400000.0,28800.0,Diesel,Chennai,8
1464,2017,Skoda,Skoda Octavia 2.0 TDI CR Style Plus AT [2017],Octavia,2000000.0,30000.0,Diesel,Chennai,9
1465,2017,Honda,Honda WR-V VX MT Diesel,WR-V,875000.0,43000.0,Diesel,Chennai,9
1466,2012,Audi,Audi A6 2.0 TDI Premium,A6,1700000.0,76000.0,Diesel,Chennai,14
1467,2009,Audi,Audi A4 2.0 TFSI,A4,1025000.0,65000.0,Petrol,Chennai,17
1468,2014,Honda,Honda City VX (O) MT,City,785000.0,20000.0,Petrol,Chennai,12
1469,2016,BMW,BMW X1 sDrive20d xLine,X1,2600000.0,36000.0,Diesel,Chennai,10
1470,2014,Ford,Ford EcoSport Titanium 1.0 Ecoboost,EcoSport,525000.0,73000.0,Petrol,Chennai,12
1471,2016,Hyundai,Hyundai Elite i20 Asta 1.2 (O) [2016],Elite,675000.0,12000.0,Petrol,Chennai,10
1472,2019,Ford,Ford EcoSport Titanium 1.5 Ti-VCT AT,EcoSport,850000.0,23000.0,Petrol,Chennai,7
1473,2020,Audi,Audi A4 35 TDI Premium Plus,A4,4400000.0,16000.0,Diesel,Chennai,6
1474,2013,Audi,Audi A6 35 TDI Premium,A6,2100000.0,40000.0,Diesel,Chennai,13
1475,2012,BMW,BMW 5 Series 520d Sedan,5,1800000.0,82000.0,Diesel,Chennai,14
1476,2019,Mahindra,Mahindra Alturas G4 2WD AT [2018-2020],Alturas,2700000.0,30000.0,Diesel,Chennai,7
1477,2017,Mercedes-Benz,Mercedes-Benz E-Class E 220 d Avantgarde,E-Class,4500000.0,17000.0,Diesel,Chennai,9
1478,2007,Maruti Suzuki,Maruti Suzuki SX4 ZXi,SX4,175000.0,71488.0,Petrol,Pune,19
1479,2018,Maruti Suzuki,Maruti Suzuki Baleno Delta 1.2,Baleno,630000.0,32228.0,Petrol,Pune,8
1480,2021,Volkswagen,Volkswagen Polo GT TSI,Polo,1015000.0,11000.0,Petrol,Pune,5
1481,2016,Maruti Suzuki,Maruti Suzuki Vitara Brezza LDi,Vitara,700000.0,83508.0,Diesel,Pune,10
1482,2015,Volkswagen,Volkswagen Polo Highline1.2L (P),Polo,525000.0,40119.0,Petrol,Pune,11
1483,2015,MINI,MINI Countryman Cooper D,Countryman,2300000.0,40614.0,Diesel,Pune,11
1484,2017,Toyota,Toyota Innova Crysta 2.4 VX 8 STR [2016-2020],Innova,1795000.0,30889.0,Diesel,Pune,9
1485,2015,BMW,BMW X3 xDrive 20d Expedition,X3,2400000.0,85200.0,Diesel,Pune,11
1486,2019,Maruti Suzuki,Maruti Suzuki Alto 800 Lxi CNG,Alto,395000.0,10300.0,CNG + 1,Pune,7
1487,2017,Hyundai,Hyundai Grand i10 Sportz (O) 1.2 Kappa VTVT [2017-2018],Grand,495000.0,43712.0,Petrol,Pune,9
1488,2010,Hyundai,Hyundai i10 Magna 1.2 Kappa2,i10,270000.0,75000.0,Petrol,Pune,16
1489,2011,Maruti Suzuki,Maruti Suzuki Wagon R 1.0 VXi,Wagon,280000.0,48000.0,Petrol,Pune,15
1490,2012,Honda,Honda City E,City,450000.0,71000.0,Petrol,Pune,14
1491,2008,Hyundai,Hyundai i10 Magna 1.2,i10,190000.0,77000.0,Petrol,Pune,18
1492,2011,Maruti Suzuki,Maruti Suzuki SX4 VDI,SX4,320000.0,72000.0,Diesel,Pune,15
1493,2012,Maruti Suzuki,Maruti Suzuki Wagon R 1.0 VXi,Wagon,295000.0,56000.0,Petrol,Pune,14
1494,2014,Maruti Suzuki,Maruti Suzuki Wagon R 1.0 VXI,Wagon,375000.0,20000.0,Petrol,Pune,12
1495,2012,Volkswagen,Volkswagen Vento Highline Petrol,Vento,397000.0,59908.0,Petrol,Pune,14
1496,2013,Honda,Honda Amaze 1.2 S i-VTEC,Amaze,410000.0,60176.0,Petrol,Pune,13
1497,2015,Hyundai,Hyundai Grand i10 Sports Edition 1.2L Kappa VTVT,Grand,460000.0,50262.0,Petrol,Pune,11
1498,2014,Renault,Renault Duster 85 PS RxL Diesel,Duster,525000.0,93802.0,Diesel,Pune,12
1499,2015,Ford,Ford EcoSport Trend 1.5L TDCi,EcoSport,600000.0,99499.0,Diesel,Pune,11
1500,2016,Hyundai,Hyundai Eon Magna [2011-2012],Eon,335000.0,23797.0,Petrol,Pune,10
1501,2015,Hyundai,Hyundai Elite i20 Asta 1.2,Elite,575000.0,42000.0,Petrol,Pune,11
1502,2018,Mercedes-Benz,Mercedes-Benz E-Class E 220d Expression [2019-2019],E-Class,4250000.0,55000.0,Diesel,Pune,8
1503,2020,Hyundai,Hyundai Tucson 2WD AT GLS Diesel,Tucson,2600000.0,10000.0,Diesel,Pune,6
1504,2017,Hyundai,Hyundai Verna 1.6 VTVT S,Verna,675000.0,31414.0,Petrol,Pune,9
1505,2016,Mercedes-Benz,Mercedes-Benz GLE 250 d,GLE,3900000.0,93000.0,Diesel,Pune,10
1506,2013,Hyundai,Hyundai i10 Sportz 1.2 Kappa2,i10,325000.0,29708.0,Petrol,Pune,13
1507,2016,Hyundai,Hyundai Elite i20 Asta 1.2 (O) [2016],Elite,650000.0,24694.0,Petrol,Pune,10
1508,2018,Hyundai,Hyundai Grand i10 Asta 1.2 Kappa VTVT [2013-2016],Grand,580000.0,9500.0,Petrol,Pune,8
1509,2018,Maruti Suzuki,Maruti Suzuki Swift VDi ABS [2014-2017],Swift,680000.0,22838.0,Diesel,Pune,8
1510,2018,Tata,Tata Nexon KRAZ Plus AMT Diesel,Nexon,900000.0,16900.0,Diesel,Pune,8
1511,2015,Maruti Suzuki,Maruti Suzuki Swift VXi,Swift,510000.0,26000.0,Petrol,Pune,11
1512,2018,Maruti Suzuki,Maruti Suzuki Celerio VXi AMT [2017-2019],Celerio,505000.0,78000.0,Petrol,Pune,8
1513,2016,Maruti Suzuki,Maruti Suzuki Celerio VXi AMT,Celerio,430000.0,83000.0,Petrol,Pune,10
1514,2014,Nissan,Nissan Micra Active XV,Micra,405000.0,52000.0,Petrol,Pune,12
1515,2017,Maruti Suzuki,Maruti Suzuki Swift VDi,Swift,630000.0,95000.0,Diesel,Pune,9
1516,2011,Maruti Suzuki,Maruti Suzuki Wagon R 1.0 LXi,Wagon,295000.0,70000.0,Petrol,Pune,15
1517,2016,Hyundai,Hyundai i10 Sportz 1.2 Kappa2,i10,490000.00000000006,46000.0,Petrol,Pune,10
1518,2020,Honda,Honda Amaze 1.2 VX i-VTEC,Amaze,900000.0,8000.0,Petrol,Pune,6
1519,2016,Maruti Suzuki,Maruti Suzuki Vitara Brezza LDi,Vitara,730000.0,83000.0,Diesel,Pune,10
1520,2011,Maruti Suzuki,Maruti Suzuki Swift LDi,Swift,330000.0,79000.0,Diesel,Pune,15
1521,2020,Honda,Honda Amaze 1.2 VX AT i-VTEC,Amaze,990000.0,7700.0,Petrol,Pune,6
1522,2010,Honda,Honda City 1.5 S MT,City,345000.0,83000.0,Petrol,Pune,16
1523,2012,Honda,Honda Brio S MT,Brio,320000.0,47000.0,Petrol,Pune,14
1524,2015,Honda,Honda Brio S MT,Brio,410000.0,19000.0,Petrol,Pune,11
1525,2014,Maruti Suzuki,Maruti Suzuki Swift DZire VXI,Swift,525000.0,64000.0,Petrol,Pune,12
1526,2016,Volkswagen,Volkswagen Vento Highline Diesel AT [2015-2016],Vento,740000.0,67000.0,Diesel,Pune,10
1527,2016,Maruti Suzuki,Maruti Suzuki Ciaz ZDi SHVS,Ciaz,750000.0,79000.0,Diesel,Pune,10
1528,2014,Honda,Honda Amaze 1.5 S i-DTEC,Amaze,455000.0,70000.0,Diesel,Pune,12
1529,2008,Tata,Tata Indica Vista Aura + Quadrajet BS-III,Indica,190000.0,35000.0,Diesel,Pune,18
1530,2018,Honda,Honda Amaze 1.2 S AT i-VTEC,Amaze,730000.0,18000.0,Petrol,Pune,8
1531,2016,Honda,Honda Amaze 1.5 VX i-DTEC,Amaze,560000.0,72000.0,Diesel,Pune,10
1532,2014,Honda,Honda Amaze 1.5 VX i-DTEC,Amaze,465000.00000000006,97000.0,Diesel,Pune,12
1533,2017,Toyota,Toyota Innova Crysta 2.4 VX 8 STR [2016-2020],Innova,1795000.0,30889.0,Diesel,Pune,9
1534,2017,Maruti Suzuki,Maruti Suzuki Swift VDi,Swift,630000.0,95000.0,Diesel,Pune,9
1535,2010,Honda,Honda City 1.5 S MT,City,345000.0,83000.0,Petrol,Pune,16
1536,2018,Tata,Tata Nexon XM,Nexon,750000.0,81000.0,Petrol,Pune,8
1537,2015,Mercedes-Benz,Mercedes-Benz S-Class S 63 AMG,S-Class,13000000.0,13000.0,Petrol,Pune,11
1538,2016,Volkswagen,Volkswagen Ameo Trendline 1.2L (P),Ameo,540000.0,24372.0,Petrol,Pune,10
1539,2015,Hyundai,Hyundai Grand i10 Asta AT 1.2 Kappa VTVT [2013-2016],Grand,515000.00000000006,38660.0,Petrol,Pune,11
1540,2010,Hyundai,Hyundai i20 Asta 1.2,i20,355000.0,53216.0,Petrol,Pune,16
1541,2014,Maruti Suzuki,Maruti Suzuki Celerio ZXi,Celerio,385000.0,44463.0,Petrol,Pune,12
1542,2011,Maruti Suzuki,Maruti Suzuki Alto K10 LXi,Alto,220000.00000000003,51921.0,Petrol,Pune,15
1543,2011,Ford,Ford Figo Duratec Petrol Titanium 1.2,Figo,215000.0,75732.0,Petrol,Pune,15
1544,2015,Hyundai,Hyundai Grand i10 Asta 1.2 Kappa VTVT [2013-2016],Grand,435000.0,98265.0,Petrol,Pune,11
1545,2016,Maruti Suzuki,Maruti Suzuki Celerio VXi,Celerio,420000.0,59105.0,Petrol,Pune,10
1546,2011,Skoda,Skoda Fabia Elegance 1.2 MPI,Fabia,250000.0,81428.0,Petrol,Pune,15
1547,2011,BMW,BMW 5 Series 520d Sedan,5,1275000.0,91000.0,Diesel,Pune,15
1548,2011,Mercedes-Benz,Mercedes-Benz C-Class 250 CDI Elegance,C-Class,795000.0,81000.0,Diesel,Pune,15
1549,2014,BMW,BMW 5 Series 520d Luxury Line,5,2250000.0,50000.0,Diesel,Pune,12
1550,2016,Tata,Tata Zest XT Petrol,Zest,4500000.0,61352.0,Petrol,Pune,10
1551,2020,MG,MG Hector Plus Sharp 1.5 DCT Petrol,Hector,1800000.0,17500.0,Petrol,Pune,6
1552,2018,Jaguar,Jaguar F-Pace Prestige,F-Pace,5550000.0,20518.0,Diesel,Pune,8
1553,2014,Honda,Honda Amaze 1.5 VX i-DTEC,Amaze,465000.00000000006,98000.0,Diesel,Pune,12
1554,2016,Mitsubishi,Mitsubishi Pajero Sport 2.5 AT,Pajero,1550000.0,104248.0,Diesel,Pune,10
1555,2013,Tata,Tata Safari Storme 2.2 VX 4x2,Safari,575000.0,75000.0,Diesel,Pune,13
1556,2012,Mercedes-Benz,Mercedes-Benz E-Class E220 CDI Blue Efficiency,E-Class,1275000.0,72000.0,Diesel,Pune,14
1557,2014,Toyota,Toyota Corolla Altis GL Petrol,Corolla,675000.0,99350.0,Petrol,Pune,12
1558,2015,Mitsubishi,Mitsubishi Pajero Sport 2.5 AT,Pajero,1275000.0,99400.0,Diesel,Pune,11
1559,2010,Mitsubishi,Mitsubishi Outlander 2.4 MIVEC,Outlander,595000.0,91000.0,Petrol,Pune,16
1560,2012,Volkswagen,Volkswagen Passat Highline DSG,Passat,675000.0,102000.0,Diesel,Pune,14
1561,2014,Volkswagen,Volkswagen Polo Highline1.5L (D),Polo,475000.0,75000.0,Diesel,Pune,12
1562,2019,MG,MG Hector Sharp 1.5 DCT Petrol [2019-2020],Hector,1825000.0,32000.0,Petrol,Pune,7
1563,2014,Audi,Audi Q7 3.0 TDI quattro Premium Plus,Q7,2100000.0,71000.0,Diesel,Pune,12
1564,2012,Jaguar,Jaguar XJ L 5.0 Petrol SC Supersport,XJ,2675000.0,71000.0,Petrol,Pune,14
1565,2013,Volkswagen,Volkswagen Cross Polo 1.2 TDI,Cross,470000.0,71000.0,Diesel,Pune,13
1566,2006,BMW,BMW X5 SAV 4.4i,X5,680000.0,100004.0,Petrol,Pune,20
1567,2013,Audi,Audi A4 2.0 TDI (177bhp) Premium Sport,A4,1380000.0,48000.0,Diesel,Pune,13
1568,2014,Volkswagen,Volkswagen Polo GT TSI,Polo,528000.0,82000.0,Petrol,Pune,12
1569,2013,Audi,Audi Q7 3.0 TDI quattro Premium Plus,Q7,2000000.0,67000.0,Diesel,Pune,13
1570,2009,Mercedes-Benz,Mercedes-Benz M-Class 350,M-Class,1220000.0,98000.0,Petrol,Pune,17
1571,2016,Audi,Audi A6 35 TDI Matrix,A6,2450000.0,89000.0,Diesel,Pune,10
1572,2014,Jaguar,Jaguar XF 2.2 Diesel Luxury,XF,1675000.0,99800.0,Diesel,Pune,12
1573,2016,Land Rover,Land Rover Range Rover Evoque HSE Dynamic,Evoque,3600000.0,91000.0,Diesel,Pune,10
1574,2011,Mercedes-Benz,Mercedes-Benz C-Class 250 CDI Elegance,C-Class,975000.0,55000.0,Diesel,Pune,15
1575,2011,Skoda,Skoda Yeti Ambition 2.0 TDI CR 4x4,Yeti,575000.0,102000.0,Diesel,Pune,15
1576,2016,Maruti Suzuki,Maruti Suzuki S-Cross Zeta 1.3,S-Cross,750000.0,72000.0,Diesel,Pune,10
1577,2014,Mercedes-Benz,Mercedes-Benz E-Class E250 CDI Avantgarde,E-Class,1950000.0,99000.0,Diesel,Pune,12
1578,2017,Maruti Suzuki,Maruti Suzuki Ertiga VDI SHVS,Ertiga,850000.0,57218.0,Diesel,Pune,9
1579,2018,Tata,Tata Nexon XZ Plus Diesel Dual Tone,Nexon,910000.0,30000.0,Diesel,Pune,8
1580,2018,Hyundai,Hyundai Creta SX 1.6 CRDi,Creta,1275000.0,55600.0,Diesel,Pune,8
1581,2014,Maruti Suzuki,Maruti Suzuki Ertiga VDi,Ertiga,690000.0,77000.0,Diesel,Pune,12
1582,2019,Maruti Suzuki,Maruti Suzuki Vitara Brezza VDi,Vitara,875000.0,61000.0,Diesel,Pune,7
1583,2017,Maruti Suzuki,Maruti Suzuki Ertiga VXI CNG,Ertiga,825000.0,95000.0,CNG + 1,Pune,9
1584,2020,Renault,Renault Kwid 1.0 RXT Opt [2016-2019],Kwid,470000.0,13994.0,Petrol + 1,Pune,6
1585,2016,Maruti Suzuki,Maruti Suzuki S-Cross Zeta 1.3,S-Cross,750000.0,72000.0,Diesel,Pune,10
1586,2018,Hyundai,Hyundai Creta SX 1.6 CRDi,Creta,1275000.0,55600.0,Diesel,Pune,8
1587,2018,Tata,Tata Nexon XZ Plus Diesel Dual Tone,Nexon,910000.0,30000.0,Diesel,Pune,8
1588,2014,Maruti Suzuki,Maruti Suzuki Ertiga VDi,Ertiga,690000.0,77000.0,Diesel,Pune,12
1589,2017,Maruti Suzuki,Maruti Suzuki Ertiga VDI SHVS,Ertiga,850000.0,57218.0,Diesel,Pune,9
1590,2015,Hyundai,Hyundai Grand i10 Sportz 1.2 Kappa VTVT [2013-2016],Grand,450000.0,79461.0,Petrol,Pune,11
1591,2018,Renault,Renault Duster 85 PS RxE,Duster,695000.0,67000.0,Diesel,Pune,8
1592,2014,Honda,Honda Brio EX MT,Brio,350000.0,76200.0,Petrol,Pune,12
1593,2015,Audi,Audi Q5 2.0 TDI quattro Premium Plus,Q5,2100000.0,115000.0,Diesel,Pune,11
1594,2012,Hyundai,Hyundai i20 Sportz 1.2 BS-IV,i20,335000.0,76000.0,Petrol,Pune,14
1595,2010,Volkswagen,Volkswagen Polo Comfortline 1.2L (P),Polo,295000.0,41000.0,Petrol,Pune,16
1596,2013,Hyundai,Hyundai i10 Sportz 1.2 Kappa2,i10,340000.0,508881.0,Petrol,Pune,13
1597,2017,Maruti Suzuki,Maruti Suzuki Alto K10 VXi AMT [2014-2018],Alto,390000.0,28696.0,Petrol,Pune,9
1598,2017,Ford,Ford EcoSport Titanium 1.5L TDCi,EcoSport,675000.0,107079.0,Diesel,Pune,9
1599,2013,Maruti Suzuki,Maruti Suzuki Alto 800 Lxi,Alto,280000.0,40409.0,Petrol,Pune,13
1600,2013,Honda,Honda Brio EX MT,Brio,295000.0,58203.0,Petrol,Pune,13
1601,2018,Maruti Suzuki,Maruti Suzuki Baleno Delta 1.2 AT,Baleno,640000.0,56948.0,Petrol,Pune,8
1602,2016,Mahindra,Mahindra XUV500 W10 AWD AT,XUV500,1200000.0,145368.0,Diesel,Pune,10
1603,2013,Volkswagen,Volkswagen Polo GT TDI,Polo,400000.0,110369.0,Diesel,Pune,13
1604,2009,Maruti Suzuki,Maruti Suzuki Wagon R LXi Minor,Wagon,235000.0,17014.0,Petrol,Pune,17
1605,2015,Maruti Suzuki,Maruti Suzuki Celerio VXi AMT,Celerio,400000.0,59509.0,Petrol,Pune,11
1606,2016,Maruti Suzuki,Maruti Suzuki Celerio VXi AMT ABS,Celerio,450000.0,31600.0,Petrol,Pune,10
1607,2018,Maruti Suzuki,Maruti Suzuki Alto K10 VXi AMT [2014-2018],Alto,440000.00000000006,6800.0,Petrol,Pune,8
1608,2014,Ford,Ford EcoSport Titanium 1.5 Ti-VCT AT,EcoSport,550000.0,32800.0,Petrol,Pune,12
1609,2013,Mercedes-Benz,Mercedes-Benz E-Class E220 CDI Blue Efficiency,E-Class,1698999.9999999998,67000.0,Diesel,Pune,13
1610,2013,Audi,Audi Q3 2.0 TDI quattro Premium Plus,Q3,1375000.0,79000.0,Diesel,Pune,13
1611,2015,Audi,Audi Q3 35 TDI Premium + Sunroof,Q3,1675000.0,100000.0,Diesel,Pune,11
1612,2012,Maruti Suzuki,Maruti Suzuki Alto 800 Lxi CNG,Alto,225000.0,89000.0,CNG + 1,Pune,14
1613,2008,BMW,BMW X3 2.5si,X3,599000.0,170306.0,Petrol,Pune,18
1614,2015,Hyundai,Hyundai Eon Era +,Eon,300000.0,11500.0,Petrol,Pune,11
1615,2019,Toyota,Toyota Fortuner 2.8 4x4 AT [2016-2020],Fortuner,3800000.0,13500.0,Diesel,Pune,7
1616,2007,Hyundai,Hyundai Santro Xing XL eRLX - Euro III,Santro,110000.0,87000.0,Petrol,Pune,19
1617,2015,Volkswagen,Volkswagen Polo Highline1.2L (P),Polo,525000.0,40119.0,Petrol,Pune,11
1618,2017,Skoda,Skoda Rapid Ambition 1.5 TDI AT,Rapid,675000.0,108500.0,Diesel,Pune,9
1619,2010,Honda,Honda City 1.5 V MT,City,400000.0,118000.0,Petrol,Pune,16
1620,2011,Ford,Ford Figo Duratorq Diesel Titanium 1.4,Figo,285000.0,70738.0,Diesel,Pune,15
1621,2009,Honda,Honda CR-V 2.0 2WD,CR-V,481000.0,117136.0,Petrol,Pune,17
1622,2017,Audi,Audi Q7 45 TDI Technology Pack,Q7,5500000.0,55000.0,Diesel,Pune,9
1623,2016,Hyundai,Hyundai i20 Active 1.2 S,i20,598000.0,42000.0,Petrol,Pune,10
1624,2014,Mercedes-Benz,Mercedes-Benz S-Class S 350 CDI,S-Class,4600000.0,47000.0,Diesel,Pune,12
1625,2014,Honda,Honda City VX Diesel,City,650000.0,124000.0,Diesel,Pune,12
1626,2015,Hyundai,Hyundai Xcent S 1.2,Xcent,425000.0,81911.0,Petrol,Pune,11
1627,2015,Maruti Suzuki,Maruti Suzuki Alto 800 Lxi CNG,Alto,310000.0,34308.0,CNG + 1,Pune,11
1628,2014,Maruti Suzuki,Maruti Suzuki Celerio VXi CNG [2019-2020],Celerio,445000.0,56030.0,CNG + 1,Pune,12
1629,2013,Maruti Suzuki,Maruti Suzuki Swift ZXi,Swift,440000.00000000006,89869.0,Petrol,Pune,13
1630,2014,Chevrolet,Chevrolet Beat LS Petrol,Beat,210000.0,74873.0,Petrol,Pune,12
1631,2018,Tata,Tata Nexon XM Diesel,Nexon,725000.0,82169.0,Diesel,Pune,8
1632,2011,Hyundai,Hyundai i10 Sportz 1.2 Kappa2,i10,275000.0,62000.0,Petrol,Pune,15
1633,2016,Mercedes-Benz,Mercedes-Benz E-Class E 250 CDI Avantgarde,E-Class,2900000.0,44500.0,Diesel,Pune,10
1634,2013,Audi,Audi A4 2.0 TDI (177bhp) Premium Plus,A4,1700000.0,45477.0,Diesel,Pune,13
1635,2013,Hyundai,Hyundai Verna Fluidic 1.4 VTVT,Verna,530000.0,45588.0,Petrol,Pune,13
1636,2013,Maruti Suzuki,Maruti Suzuki Alto 800 Lxi,Alto,275000.0,56498.0,Petrol,Pune,13
1637,2012,Honda,Honda Brio S(O)MT,Brio,275000.0,39877.0,Petrol,Pune,14
1638,2018,Maruti Suzuki,Maruti Suzuki Ignis Sigma 1.2 MT,Ignis,450000.0,29628.0,Petrol,Pune,8
1639,2011,Mahindra,Mahindra XUV500 W8,XUV500,520000.0,75000.0,Diesel,Pune,15
1640,2012,Chevrolet,Chevrolet Cruze LTZ AT,Cruze,405000.0,87387.0,Diesel,Pune,14
1641,2015,Mercedes-Benz,Mercedes-Benz E-Class E 250 CDI Avantgarde,E-Class,2740000.0,63000.0,Diesel,Pune,11
1642,2018,Maruti Suzuki,Maruti Suzuki Dzire VDi,Dzire,750000.0,83074.0,Diesel,Pune,8
1643,2018,Mahindra,Mahindra KUV100 NXT K4 Plus 6 STR [2017-2020],KUV100,450000.0,60484.0,Petrol,Pune,8
1644,2013,BMW,BMW 3 Series 320d Sport Line,3,1425000.0,74000.0,Diesel,Pune,13
1645,2018,Hyundai,Hyundai i10 Sportz 1.2 Kappa2,i10,575000.0,12000.0,Petrol,Pune,8
1646,2012,Skoda,Skoda Rapid Elegance 1.6 TDI CR MT,Rapid,400000.0,58000.0,Diesel,Pune,14
1647,2013,Audi,Audi A6 2.0 TDI Premium,A6,1650000.0,67000.0,Diesel,Pune,13
1648,2017,Hyundai,Hyundai Grand i10 Magna 1.2 Kappa VTVT [2016-2017],Grand,490000.00000000006,38500.0,Petrol,Pune,9
1649,2018,Hyundai,Hyundai Verna 1.6 CRDI SX (O),Verna,1150000.0,66563.0,Diesel,Pune,8
1650,2019,MINI,MINI Cooper S,Cooper,5300000.0,700.0,Petrol,Pune,7
1651,2017,Maruti Suzuki,Maruti Suzuki Ertiga ZDI + SHVS,Ertiga,925000.0,39000.0,Diesel,Pune,9
1652,2010,Toyota,Toyota Fortuner 3.0 MT,Fortuner,1075000.0,141000.0,Diesel,Pune,16
1653,2015,Toyota,Toyota Innova 2.5 G BS IV 7 STR,Innova,1000000.0,142502.0,Diesel,Pune,11
1654,2019,Tata,Tata Harrier XZ [2019-2020],Harrier,1650000.0,49997.0,Diesel,Pune,7
1655,2019,Maruti Suzuki,Maruti Suzuki Swift VXi AMT,Swift,675000.0,11233.0,Petrol,Pune,7
1656,2018,Maruti Suzuki,Maruti Suzuki Dzire VDi,Dzire,850000.0,77000.0,Diesel,Pune,8
1657,2019,MINI,MINI Cooper S,Cooper,5300000.0,700.0,Petrol,Pune,7
1658,2018,Hyundai,Hyundai Verna 1.6 CRDI SX (O),Verna,1150000.0,66563.0,Diesel,Pune,8
1659,2013,Audi,Audi A6 2.0 TDI Premium,A6,1650000.0,67000.0,Diesel,Pune,13
1660,2012,Skoda,Skoda Rapid Elegance 1.6 TDI CR MT,Rapid,400000.0,58000.0,Diesel,Pune,14
1661,2017,Hyundai,Hyundai Grand i10 Magna 1.2 Kappa VTVT [2016-2017],Grand,490000.00000000006,38500.0,Petrol,Pune,9
1662,2016,Toyota,Toyota Innova 2.5 VX BS IV 7 STR,Innova,1150000.0,132000.0,Diesel,Pune,10
1663,2017,Maruti Suzuki,Maruti Suzuki Ertiga ZDI + SHVS,Ertiga,925000.0,39000.0,Diesel,Pune,9
1664,2019,Volkswagen,Volkswagen Vento Highline Plus 1.5 AT (D) 16 Alloy,Vento,1250000.0,12000.0,Diesel,Pune,7
1665,2015,Honda,Honda Jazz VX Diesel,Jazz,620000.0,65000.0,Diesel,Pune,11
1666,2010,Honda,Honda City 1.5 V MT,City,330000.0,72000.0,Petrol,Pune,16
1667,2015,BMW,BMW X3 xDrive 20d Expedition,X3,2400000.0,85200.0,Diesel,Pune,11
1668,2015,Maruti Suzuki,Maruti Suzuki Swift VXi,Swift,510000.0,30000.0,Petrol,Pune,11
1669,2016,BMW,BMW X5 xDrive 30d,X5,3800000.0,53000.0,Diesel,Pune,10
1670,2016,Maruti Suzuki,Maruti Suzuki Alto K10 VXi AMT (Airbag) [2014-2019],Alto,345000.0,37000.0,Petrol,Pune,10
1671,2020,BMW,BMW 7 Series 730Ld DPE Signature,7,11500000.0,9000.0,Diesel,Pune,6
1672,2011,Mahindra,Mahindra XUV500 W8,XUV500,520000.0,75000.0,Diesel,Pune,15
1673,2012,Chevrolet,Chevrolet Cruze LTZ AT,Cruze,405000.0,87387.0,Diesel,Pune,14
1674,2018,Toyota,Toyota Innova Crysta 2.8 GX AT 7 STR [2016-2020],Innova,1650000.0,103357.0,Diesel,Pune,8
1675,2021,Volkswagen,Volkswagen Polo GT TSI,Polo,1015000.0,11000.0,Petrol,Pune,5
1676,2015,Toyota,Toyota Camry Hybrid,Camry,1651000.0000000002,81000.0,Petrol,Pune,11
1677,2018,Audi,Audi Q3 30 TDI Premium FWD,Q3,2750000.0,33000.0,Diesel,Pune,8
1678,2015,Toyota,Toyota Camry Hybrid,Camry,1651000.0000000002,81000.0,Petrol,Pune,11
1679,2017,Volvo,Volvo S90 Inscription D4 [2016-2020],S90,3800000.0,50000.0,Diesel,Pune,9
1680,2013,Tata,Tata Nano LX,Nano,140000.0,10000.0,Petrol,Pune,13
1681,2011,Tata,Tata Nano LX,Nano,95000.0,48405.0,Petrol,Pune,15
1682,2009,Maruti Suzuki,Maruti Suzuki Wagon R VXi Minor,Wagon,250000.0,52080.0,Petrol,Pune,17
1683,2018,Maruti Suzuki,Maruti Suzuki Vitara Brezza ZDi Plus Dual Tone AGS,Vitara,915000.0,62665.0,Diesel,Pune,8
1684,2017,Tata,Tata Hexa XTA 4x2 6 STR,Hexa,1330000.0,49558.0,Diesel,Pune,9
1685,2009,Maruti Suzuki,Maruti Suzuki Alto LXi BS-III,Alto,185000.0,31632.0,Petrol,Pune,17
1686,2013,Maruti Suzuki,Maruti Suzuki Alto K10 VXi,Alto,260000.0,61923.0,Petrol,Pune,13
1687,2016,Hyundai,Hyundai Grand i10 Asta AT 1.2 Kappa VTVT (O) [2016-2017],Grand,520000.0,49899.0,Petrol,Pune,10
1688,2014,Maruti Suzuki,Maruti Suzuki Celerio VXi AMT,Celerio,385000.0,49606.0,Petrol,Pune,12
1689,2014,Volkswagen,Volkswagen Jetta Comfortline TDI,Jetta,680000.0,57770.0,Diesel,Pune,12
1690,2007,Mercedes-Benz,Mercedes-Benz S-Class 320 CDI,S-Class,1290000.0,68500.0,Diesel,Pune,19
1691,2016,Hyundai,Hyundai Creta 1.6 SX Plus,Creta,1050000.0,75106.0,Diesel,Pune,10
1692,2018,Jaguar,Jaguar F-Pace Prestige,F-Pace,4350000.0,55200.0,Diesel,Pune,8
1693,2015,MINI,MINI Countryman Cooper D,Countryman,2300000.0,40614.0,Diesel,Pune,11
1694,2019,Maruti Suzuki,Maruti Suzuki Swift ZXi,Swift,710000.0,12500.0,Petrol,Pune,7
1695,2015,Ford,Ford EcoSport Titanium 1.5L Ti-VCT AT,EcoSport,700000.0,51985.0,Petrol,Pune,11
1696,2019,Maruti Suzuki,Maruti Suzuki Ertiga VXi,Ertiga,950000.0,60878.0,Petrol + 1,Pune,7
1697,2011,Volkswagen,Volkswagen Vento Highline Petrol AT,Vento,320000.0,63000.0,Petrol,Pune,15
1698,2014,Volkswagen,Volkswagen Polo Highline1.2L (P),Polo,400000.0,67500.0,Petrol,Pune,12
1699,2016,Honda,Honda City SV,City,635000.0,51000.0,Petrol,Pune,10
1700,2016,Toyota,Toyota Etios Liva VXD,Etios,525000.0,102000.0,Diesel,Pune,10
1701,2019,Hyundai,Hyundai Elite i20 Sportz 1.2 [2016-2017],Elite,750000.0,53347.0,Petrol,Pune,7
1702,2019,Maruti Suzuki,Maruti Suzuki Ertiga VXi,Ertiga,950000.0,60878.0,Petrol + 1,Pune,7
1703,2007,Mercedes-Benz,Mercedes-Benz S-Class 320 CDI,S-Class,1290000.0,68500.0,Diesel,Pune,19
1704,2018,Hyundai,Hyundai Creta SX Plus 1.6 CRDI Dual Tone,Creta,1475000.0,42000.0,Diesel,Pune,8
1705,2018,Jaguar,Jaguar F-Pace Prestige,F-Pace,4350000.0,55200.0,Diesel,Pune,8
1706,2019,Maruti Suzuki,Maruti Suzuki Swift ZXi,Swift,710000.0,12500.0,Petrol,Pune,7
1707,2018,Ford,Ford Endeavour Titanium 2.2 4x2 AT,Endeavour,3000000.0,27000.0,Diesel,Pune,8
1708,2016,Maruti Suzuki,Maruti Suzuki Ciaz VXi (O),Ciaz,640000.0,28000.0,Petrol,Pune,10
1709,2018,Hyundai,Hyundai Eon Era + SE,Eon,360000.0,33000.0,Petrol,Pune,8
1710,2010,Maruti Suzuki,Maruti Suzuki Alto LXi BS-IV,Alto,165000.0,38000.0,Petrol,Pune,16
1711,2017,Hyundai,Hyundai Creta S Plus 1.4 CRDI,Creta,999000.0,49000.0,Diesel,Pune,9
1712,2014,Honda,Honda City 1.5 S MT,City,565000.0,24010.0,Petrol,Pune,12
1713,2020,Hyundai,Hyundai Creta SX 1.5 Diesel,Creta,1725000.0,13000.0,Diesel,Pune,6
1714,2014,Mahindra,Mahindra XUV500 W8 [2015-2017],XUV500,775000.0,90000.0,Diesel,Pune,12
1715,2009,Maruti Suzuki,Maruti Suzuki Wagon R LXi Minor,Wagon,180000.0,55000.0,Petrol,Pune,17
1716,2012,Toyota,Toyota Etios Liva GD,Etios,355000.0,55000.0,Diesel,Pune,14
1717,2012,Maruti Suzuki,Maruti Suzuki Ertiga VDi,Ertiga,575000.0,56011.0,Diesel,Pune,14
1718,2017,Honda,Honda City ZX CVT Petrol [2017-2019],City,960000.0,49000.0,Petrol,Pune,9
1719,2021,Ford,Ford EcoSport Ambiente 1.5 TDCi,EcoSport,950000.0,3681.0,Diesel,Pune,5
1720,2015,Hyundai,Hyundai Eon Era +,Eon,290000.0,38000.0,Petrol,Pune,11
1721,2011,Bentley,Bentley Continental Flying Spur W12,Continental,7500000.0,36000.0,Petrol,Pune,15
1722,2008,Mahindra-Renault,Mahindra-Renault Logan DLE 1.5 dci,Logan,185000.0,142522.0,Diesel,Pune,18
1723,1990,Mahindra,Mahindra Jeep CJ 500 D,Jeep,325000.0,18581.0,Diesel,Pune,36
1724,2017,Hyundai,Hyundai Creta SX Plus 1.6 AT CRDI,Creta,1395000.0,31028.0,Diesel,Pune,9
